Total commits,Total commits per day,Accumulated commits,Committers,Committers Weight,classes,ncloc,functions,duplicated_lines,test_errors,skipped_tests,coverage,complexity,comment_lines,comment_lines_density,duplicated_lines_density,files,directories,file_complexity,violations,duplicated_blocks,duplicated_files,lines,public_api,statements,blocker_violations,critical_violations,major_violations,minor_violations,info_violations,lines_to_cover,line_coverage,conditions_to_cover,branch_coverage,sqale_index,sqale_rating,false_positive_issues,open_issues,reopened_issues,confirmed_issues,sqale_debt_ratio,new_sqale_debt_ratio,code_smells,new_code_smells,bugs,effort_to_reach_maintainability_rating_a,reliability_remediation_effort,reliability_rating,security_remediation_effort,security_rating,cognitive_complexity,new_development_cost,security_hotspots,security_review_rating,Toxicos
4,0.0833333333333333,1709,1,100,2746,150425,13115,35006,0,0,35.7,27307,41948,21.8,12.4,2521,0,11,10274,1302,455,282240,0,60159,43,2308,2824,4813,286,71695,38.3,28772,29.2,78749,1,1,10273,1,0,1.7,0,10044,0,216,0,2603,3,225,5,23576,0,246,5,0.50
52,0.183098591549296,1705,6,3.05795899016238,2746,150425,13115,35006,0,0,35.6,27307,41948,21.8,12.4,2521,0,11,10279,1302,455,282240,0,60159,43,2308,2829,4813,286,71695,38.2,28772,29.2,78899,1,1,10278,1,0,1.7,0,10049,0,216,0,2603,3,225,5,23576,0,246,5,0.34
14,0.194444444444444,1653,4,22.2634508348794,2734,149867,13078,34838,0,0,0,27234,41918,21.9,12.5,2510,0,11,10845,1294,451,279024,0,60015,51,2336,2904,5274,280,72676,0,0,0,133295,1,0,10845,0,0,3,4.85958485958486,10629,0,200,0,2323,5,270,5,23503,16380,252,1,0.28
0,0,1639,0,0,0,0,0,0,0,0,0,0,0,0,0,0,0,0,0,0,0,0,0,0,0,0,0,0,0,0,0,0,0,0,0,0,0,0,0,0,0,0,0,0,0,0,0,0,0,0,0,0,0,0.00
4,0.444444444444444,4813,2,37.5,6192,342231,27231,34986,0,0,50.3,72655,53037,13.4,6,5899,0,12.3,22151,2175,862,583009,0,146251,2,3073,4264,14306,506,163621,54.2,92549,43.3,136687,1,0,22151,0,0,1.3,0,21958,0,179,0,2236,4,210,2,78845,540,0,1,0.75
68,0.345177664974619,4809,17,2.65218489517555,6192,342231,27231,34986,0,0,50.3,72655,53037,13.4,6,5899,0,12.3,22151,2175,862,583009,0,146251,2,3073,4264,14306,506,163621,54.2,92549,43.4,136687,1,0,22151,0,0,1.3,0,21958,0,179,0,2236,4,210,2,78845,540,0,1,0.44
133,0.810975609756098,4741,17,1.78984593137004,6141,340801,27090,35138,0,0,49.4,72325,52862,13.4,6.1,5851,0,12.4,23569,2177,864,580004,0,145792,2,3123,5068,14870,506,163022,53.3,92193,42.6,182567,1,0,23569,0,0,1.8,0.548302872062663,23262,0,165,0,2026,4,1490,2,78761,34470,0,1,0.30
0,0,4608,0,0,0,0,0,0,0,0,0,0,0,0,0,0,0,0,0,0,0,0,0,0,0,0,0,0,0,0,0,0,0,0,0,0,0,0,0,0,0,0,0,0,0,0,0,0,0,0,0,0,0,0.00
239,6.82857142857143,3103,9,1.50971973914368,2923,549902,34023,13142,0,54,24.1,78366,63868,10.4,1.7,3224,0,29,17258,556,168,783618,0,259030,600,3411,5731,7195,321,190166,25.3,59925,20.5,181146,1,5,17258,0,0,1.1,0.987808835117972,16514,0,622,0,7065,5,2304,5,77996,215730,107,5,0.33
596,5.57009345794393,2864,15,0.410058672737078,2896,547875,33883,12806,0,54,24.3,78093,63784,10.4,1.6,3194,0,29.2,17301,538,161,780826,0,258527,594,3448,5712,7223,324,189648,25.4,59862,20.6,181057,1,4,17301,0,0,1.1,1.21917997275777,16559,0,620,0,7100,5,2304,5,77883,1666530,110,5,0.32
408,5.74647887323944,2268,10,0.704255181149205,2857,528661,33982,12716,0,85,24.6,79223,64906,10.9,1.6,3159,0,30,23992,541,173,773122,0,265734,662,3815,9230,9766,519,186369,25.9,59866,20.7,214490,1,0,23992,0,0,1.4,0.703161730136342,23221,0,654,0,7256,5,2164,5,79538,340320,143,5,0.28
415,5.92857142857143,1860,12,0.727609485328037,2803,519799,33531,15560,0,85,24.6,78249,63974,11,2,3097,0,30.2,22717,624,189,761335,0,262789,670,3782,8026,9723,516,182982,26,60225,20.3,208303,1,0,22717,0,0,1.3,0.969932104752667,21951,0,651,0,7107,5,2132,5,78773,1886730,134,5,0.34
210,6.7741935483871,1445,9,1.82341154489834,2536,461716,30974,14403,0,85,27.1,72609,59412,11.4,2.1,2808,0,31.1,21248,579,178,695142,0,239985,587,3536,7609,8985,531,162620,29.3,60103,21.1,198292,1,0,21248,0,0,1.4,1.23633435535322,20561,0,573,0,6312,5,2112,5,73793,322890,102,5,0.30
189,6.3,1235,11,1.09502641456952,2393,430636,29646,14535,0,104,26.6,68716,50024,10.4,2.2,2669,0,31.2,19875,601,183,652063,0,226143,559,3275,7125,8417,499,151701,28.9,57138,20.3,184451,1,0,19875,0,0,1.4,13.3974358974359,19224,0,539,0,5923,5,2052,5,69465,1560,105,1,0.34
0,0,1046,0,0,0,0,0,0,0,0,0,0,0,0,0,0,0,0,0,0,0,0,0,0,0,0,0,0,0,0,0,0,0,0,0,0,0,0,0,0,0,0,0,0,0,0,0,0,0,0,0,0,0,0.00
226,2.75609756097561,1573,14,3.00893065784855,2776,226953,15129,23597,0,0,24.9,34673,44151,16.3,6.4,2535,0,14.6,8211,1544,410,367457,0,89039,12,179,4877,3020,123,140247,24.4,33199,26.6,130795,1,102,8211,0,0,1.9,0.489607791981911,8187,0,22,0,385,5,30,4,30481,114990,21,5,0.14
248,0.654353562005277,1347,15,1.90076604071384,2726,224192,14747,23076,0,0,18.2,34361,41426,15.6,6.4,2524,0,14.5,8888,1540,410,359420,0,89604,149,466,5028,3125,120,126453,17.5,32905,20.5,136260,1,108,8888,0,0,2,0,8848,0,38,0,485,5,30,4,30741,13770,21,5,0.20
0,0,1099,0,0,0,0,0,0,0,0,0,0,0,0,0,0,0,0,0,0,0,0,0,0,0,0,0,0,0,0,0,0,0,0,0,0,0,0,0,0,0,0,0,0,0,0,0,0,0,0,0,0,0,0.00
0,0,7705,0,0,0,0,0,0,0,0,0,0,0,0,0,0,0,0,0,0,0,0,0,0,0,0,0,0,0,0,0,0,0,0,0,0,0,0,0,0,0,0,0,0,0,0,0,0,0,0,0,0,0,0.00
12,12,7705,5,11.437908496732,2353,133113,14369,7212,0,270,71.4,20515,26817,16.8,3.2,2006,0,12.3,2549,270,164,228939,0,33635,65,306,1209,861,108,47349,72.1,11115,68.7,26629,1,52,2549,0,0,0.7,0.389714103178406,2457,0,92,0,1304,5,0,1,7303,62610,0,1,0.41
17,4.25,7693,8,7.11814137419674,2356,133169,14383,7350,0,270,71.4,20526,26817,16.8,3.2,2007,0,12.3,2551,272,166,229031,0,33648,65,306,1211,861,108,47370,72,11115,68.7,26669,1,52,2551,0,0,0.7,0.453167384713579,2459,0,92,0,1304,5,0,1,7303,62670,0,1,0.47
0,0,7676,0,0,0,0,0,0,0,0,0,0,0,0,0,0,0,0,0,0,0,0,0,0,0,0,0,0,0,0,0,0,0,0,0,0,0,0,0,0,0,0,0,0,0,0,0,0,0,0,0,0,0,0.00
12,12,7676,3,11.9047619047619,2320,131986,14204,7140,0,270,71.3,20313,26471,16.7,3.1,1990,0,12.3,2530,266,161,226838,0,33356,65,306,1201,850,108,46937,72,11057,68.6,26433,1,52,2530,0,0,0.7,0.0730193501277839,2440,0,90,0,1264,5,0,1,7268,54780,0,1,0.33
13,6.5,7664,4,14.4796380090498,2320,131824,14204,7113,0,270,71.3,20313,26469,16.7,3.1,1990,0,12.3,2535,264,159,226672,0,33356,65,306,1206,850,108,46937,71.9,11057,68.6,26428,1,52,2535,0,0,0.7,0.00398009950248756,2445,0,90,0,1264,5,0,1,7268,50250,0,1,0.46
1,0.5,7651,1,100,2320,131823,14204,7113,0,270,71.3,20313,26469,16.7,3.1,1990,0,12.3,2535,264,159,226671,0,33356,65,306,1206,850,108,46937,71.9,11057,68.6,26428,1,52,2535,0,0,0.7,0.00398009950248756,2445,0,90,0,1264,5,0,1,7268,50250,0,1,1.00
9,9,7650,4,19.7530864197531,2320,131767,14200,7113,0,270,71.3,20294,26468,16.7,3.1,1990,0,12.3,2535,264,159,226608,0,33330,65,306,1206,850,108,46906,71.9,11039,68.5,26428,1,52,2535,0,0,0.7,0.00412031314379893,2445,0,90,0,1264,5,0,1,7257,48540,0,1,0.33
9,9,7641,3,15.5555555555556,2320,131773,14200,7113,0,270,71.3,20296,26469,16.7,3.1,1990,0,12.3,2535,264,159,226615,0,33334,65,306,1206,850,108,46909,71.9,11041,68.5,26428,1,52,2535,0,0,0.7,0.00389863547758285,2445,0,90,0,1264,5,0,1,7259,51300,0,1,0.44
21,10.5,7632,6,6.25651720542231,2296,130619,14010,7113,0,262,71.1,20071,26190,16.7,3.2,1981,0,12.2,2522,264,159,224587,0,32973,65,306,1195,851,105,46417,71.9,10943,68.1,26336,1,52,2522,0,0,0.7,0,2432,0,90,0,1264,5,0,1,7203,13170,0,1,0.38
8,8,7611,3,17.3076923076923,2296,130619,14010,7113,0,262,71.1,20071,26190,16.7,3.2,1981,0,12.2,2522,264,159,224587,0,32973,65,306,1195,851,105,46417,71.9,10943,68,26336,1,52,2522,0,0,0.7,0.178015131286159,2432,0,90,0,1264,5,0,1,7203,22470,0,1,0.25
11,3.66666666666667,7603,3,12.9186602870813,2296,130619,14010,7113,0,262,71.1,20071,26190,16.7,3.2,1981,0,12.2,2522,264,159,224587,0,32973,65,306,1195,851,105,46417,71.9,10943,68,26336,1,52,2522,0,0,0.7,0.342759211653813,2432,0,90,0,1264,5,0,1,7203,23340,0,1,0.27
0,0,7592,0,0,0,0,0,0,0,0,0,0,0,0,0,0,0,0,0,0,0,0,0,0,0,0,0,0,0,0,0,0,0,0,0,0,0,0,0,0,0,0,0,0,0,0,0,0,0,0,0,0,0,0.00
13,13,7592,4,9.92555831265509,2296,130541,14009,7113,0,262,71.1,20061,26178,16.7,3.2,1980,0,12.2,2520,264,159,224489,0,32960,65,305,1194,851,105,46404,71.9,10939,68.1,26296,1,52,2520,0,0,0.7,0.196367206676485,2430,0,90,0,1264,5,0,1,7196,20370,0,1,0.30
10,10,7579,3,18.2608695652174,2296,130541,14009,7113,0,262,71.1,20061,26178,16.7,3.2,1980,0,12.2,2520,264,159,224489,0,32960,65,305,1194,851,105,46404,71.9,10939,68,26296,1,52,2520,0,0,0.7,0.171600171600172,2430,0,90,0,1264,5,0,1,7196,23310,0,1,0.40
13,13,7569,4,12.51629726206,2293,130359,13981,6899,0,262,71.1,20021,26083,16.7,3.1,1978,0,12.2,2517,257,158,224093,0,32900,65,305,1192,850,105,46324,71.8,10913,68,26206,1,51,2517,0,0,0.7,0,2427,0,90,0,1264,5,0,1,7187,14040,0,1,0.30
8,2.66666666666667,7556,4,15.625,2293,130359,13981,6899,0,262,71.1,20021,26083,16.7,3.1,1978,0,12.2,2517,257,158,224093,0,32900,65,305,1192,850,105,46324,71.8,10913,68,26206,1,51,2517,0,0,0.7,0,2427,0,90,0,1264,5,0,1,7187,14910,0,1,0.37
14,14,7548,4,12.1951219512195,2293,130329,13977,6949,0,262,71.1,20011,26062,16.7,3.1,1978,0,12.2,2516,257,158,224024,0,32886,65,304,1192,850,105,46308,71.8,10897,68.1,26200,1,51,2516,0,0,0.7,0,2426,0,90,0,1264,5,0,1,7181,16980,0,1,0.42
18,9,7534,2,19.7530864197531,2293,130229,13977,6949,0,262,71.2,20011,26038,16.7,3.1,1976,0,12.2,2514,257,158,223890,0,32886,65,304,1191,849,105,46308,71.9,10897,68.2,26190,1,51,2514,0,0,0.7,0,2424,0,90,0,1264,5,0,1,7181,14490,0,1,0.44
7,7,7516,4,17.5824175824176,2293,130229,13977,6949,0,262,71.1,20011,26038,16.7,3.1,1976,0,12.2,2514,257,158,223890,0,32886,65,304,1191,849,105,46308,71.8,10897,68.1,26190,1,51,2514,0,0,0.7,0,2424,0,90,0,1264,5,0,1,7181,14940,0,1,0.42
0,0,7509,0,0,0,0,0,0,0,0,0,0,0,0,0,0,0,0,0,0,0,0,0,0,0,0,0,0,0,0,0,0,0,0,0,0,0,0,0,0,0,0,0,0,0,0,0,0,0,0,0,0,0,0.00
19,4.75,7509,5,7.36842105263158,2293,130107,13974,6949,0,262,71.1,20002,26014,16.7,3.1,1974,0,12.2,2514,257,158,223730,0,32874,65,304,1191,849,105,46295,71.9,10881,68.1,26190,1,51,2514,0,0,0.7,0.191256830601093,2424,0,90,0,1264,5,0,1,7175,18300,0,1,0.47
0,0,7490,0,0,0,0,0,0,0,0,0,0,0,0,0,0,0,0,0,0,0,0,0,0,0,0,0,0,0,0,0,0,0,0,0,0,0,0,0,0,0,0,0,0,0,0,0,0,0,0,0,0,0,0.00
21,10.5,7490,5,6.68337510442774,2293,130095,13973,6949,0,262,71.1,20001,26013,16.7,3.1,1974,0,12.2,2514,257,158,223712,0,32871,65,304,1191,849,105,46291,71.8,10881,68.1,26190,1,51,2514,0,0,0.7,1.05547373588611,2424,0,90,0,1264,5,0,1,7175,20370,0,1,0.33
10,10,7469,4,12.7272727272727,2293,130081,13973,6949,0,262,71.1,20001,26012,16.7,3.1,1974,0,12.2,2514,257,158,223697,0,32871,65,304,1191,849,105,46291,71.8,10881,68.1,26190,1,51,2514,0,0,0.7,0.968783638320775,2424,0,90,0,1264,5,0,1,7175,27870,0,1,0.30
14,3.5,7459,6,9.70350404312669,2293,130077,13973,6949,0,262,71,20001,26012,16.7,3.1,1974,0,12.2,2523,257,158,223693,0,32863,70,304,1195,849,105,46286,71.7,10877,68.1,26180,1,44,2517,6,0,0.7,0.995575221238938,2423,0,94,0,1319,5,90,5,7169,27120,0,1,0.50
21,21,7445,4,8.55614973262032,2291,129764,13935,6703,0,262,71.1,19947,25888,16.6,3,1972,0,12.2,2514,249,153,223147,0,32751,68,309,1181,851,105,46144,71.8,10847,68.1,25890,1,43,2514,0,0,0.7,0.0251004016064257,2408,0,94,0,1319,5,140,5,7150,19920,33,5,0.38
10,5,7424,3,14.1176470588235,2289,129557,13903,6703,0,262,71,19898,25774,16.6,3,1971,0,12.2,2509,249,153,222708,0,32679,65,309,1180,850,105,46053,71.8,10813,68,25850,1,42,2509,0,0,0.7,0,2403,0,94,0,1319,5,140,5,7138,16380,33,5,0.30
7,2.33333333333333,7414,3,19.4805194805195,2289,129557,13903,6703,0,262,71,19898,25774,16.6,3,1971,0,12.2,2509,249,153,222708,0,32679,65,309,1180,850,105,46053,71.7,10813,68,25850,1,42,2509,0,0,0.7,0,2403,0,94,0,1319,5,140,5,7138,16320,33,5,0.57
13,13,7407,5,9.35550935550936,2289,129558,13901,6703,0,262,71,19898,25767,16.6,3,1971,0,12.2,2509,249,153,222698,0,32678,65,309,1180,850,105,46056,71.7,10816,68,25850,1,42,2509,0,0,0.7,0.00260416666666667,2403,0,94,0,1319,5,140,5,7139,38400,33,5,0.23
11,11,7394,4,16.7832167832168,2289,129486,13893,6682,0,262,71,19883,25759,16.6,3,1971,0,12.1,2507,247,153,222598,0,32650,65,309,1178,850,105,46024,71.7,10794,67.9,25790,1,42,2507,0,0,0.7,0.00281293952180028,2401,0,94,0,1319,5,140,5,7130,35550,33,5,0.36
7,7,7383,3,19.4805194805195,2289,129436,13893,6682,0,262,70.9,19883,25747,16.6,3,1970,0,12.1,2514,247,153,222531,0,32650,65,309,1185,850,105,46024,71.7,10794,67.8,25790,1,37,2514,0,0,0.7,0.314569536423841,2401,0,101,0,1409,5,140,5,7130,108720,33,5,0.42
13,13,7376,4,9.92555831265509,2288,129402,13889,6682,0,262,70.9,19878,25738,16.6,3,1969,0,12.2,2518,247,153,222459,0,32640,65,309,1185,850,109,46007,71.7,10792,67.8,25790,1,37,2518,0,0,0.7,0.318791946308725,2405,0,101,0,1409,5,140,5,7129,107280,33,5,0.30
13,3.25,7363,3,14.4230769230769,2281,128974,13813,6391,0,262,70.8,19761,25530,16.5,2.9,1965,0,12.1,2505,239,149,221529,0,32468,65,309,1177,849,105,45816,71.5,10750,67.5,25549,1,37,2505,0,0,0.7,0.369888274216292,2392,0,101,0,1409,5,140,5,7120,92190,33,5,0.53
34,17,7350,5,6.02582496413199,2255,127707,13685,6338,0,262,71.1,19573,25404,16.6,2.9,1943,0,12.1,2415,237,148,219459,0,32099,65,305,1125,818,102,45343,72,10726,67.4,25099,1,37,2415,0,0,0.7,0,2310,0,93,0,1309,5,140,5,7045,17520,33,5,0.29
10,10,7316,3,14.1176470588235,2256,127749,13700,6338,0,262,71.1,19601,25404,16.6,2.9,1944,0,12.2,2420,237,148,219537,0,32125,65,305,1129,818,103,45360,72,10738,67.5,25174,1,37,2420,0,0,0.7,0.452609158679446,2315,0,93,0,1309,5,140,5,7037,18780,33,5,0.30
7,7,7306,2,24.4897959183673,2255,127707,13685,6338,0,262,71.1,19573,25404,16.6,2.9,1943,0,12.1,2415,237,148,219459,0,32099,65,305,1125,818,102,45343,72,10726,67.4,25099,1,37,2415,0,0,0.7,0,2310,0,93,0,1309,5,140,5,7045,10200,33,5,0.28
7,2.33333333333333,7299,2,24.4897959183673,2255,127707,13685,6338,0,262,71.1,19573,25404,16.6,2.9,1943,0,12.1,2415,237,148,219459,0,32099,65,305,1125,818,102,45343,72,10726,67.3,25099,1,37,2415,0,0,0.7,0,2310,0,93,0,1309,5,140,5,7045,10230,33,5,0.57
7,7,7292,2,24.4897959183673,2255,127707,13685,6338,0,262,71.1,19573,25404,16.6,2.9,1943,0,12.1,2415,237,148,219459,0,32099,65,305,1125,818,102,45343,72,10726,67.4,25099,1,37,2415,0,0,0.7,0,2310,0,93,0,1309,5,140,5,7045,10230,33,5,0.28
13,13,7285,4,11.7839607201309,2255,127707,13685,6338,0,262,71.1,19573,25404,16.6,2.9,1943,0,12.1,2415,237,148,219459,0,32099,65,305,1125,818,102,45343,72,10726,67.3,25099,1,37,2415,0,0,0.7,0,2310,0,93,0,1309,5,140,5,7045,11700,33,5,0.30
0,0,7272,0,0,0,0,0,0,0,0,0,0,0,0,0,0,0,0,0,0,0,0,0,0,0,0,0,0,0,0,0,0,0,0,0,0,0,0,0,0,0,0,0,0,0,0,0,0,0,0,0,0,0,0.00
11,11,7272,5,10.9717868338558,2255,127708,13685,6338,0,262,71.1,19573,25404,16.6,2.9,1943,0,12.1,2415,237,148,219461,0,32099,65,305,1125,818,102,45343,72,10726,67.4,25099,1,37,2415,0,0,0.7,0.01806684733514,2310,0,93,0,1309,5,140,5,7045,22140,33,5,0.36
22,5.5,7261,4,9.59040959040959,2255,127706,13684,6338,0,266,71.1,19572,25403,16.6,2.9,1943,0,12.1,2414,237,148,219455,0,32100,64,305,1125,818,102,45343,71.9,10726,67.3,25089,1,37,2414,0,0,0.7,0.0182648401826484,2309,0,93,0,1309,5,140,5,7045,21900,33,5,0.27
9,9,7239,3,15.5555555555556,2255,127706,13684,6338,0,266,71.1,19572,25403,16.6,2.9,1943,0,12.1,2414,237,148,219455,0,32100,64,305,1125,818,102,45343,72,10726,67.4,25089,1,37,2414,0,0,0.7,0.14446793516561,2309,0,93,0,1309,5,140,5,7045,28380,33,5,0.55
0,0,7230,0,0,0,0,0,0,0,0,0,0,0,0,0,0,0,0,0,0,0,0,0,0,0,0,0,0,0,0,0,0,0,0,0,0,0,0,0,0,0,0,0,0,0,0,0,0,0,0,0,0,0,0.00
19,9.5,7230,3,17.4515235457064,2252,127318,13644,6338,0,266,71,19508,25226,16.5,2.9,1941,0,12.1,2411,237,148,218738,0,31946,63,305,1124,817,102,45159,71.8,10679,67.2,25072,1,37,2411,0,0,0.7,0.308483290488432,2306,0,93,0,1309,5,140,5,7019,23340,33,5,0.21
10,10,7211,2,18,2252,127318,13644,6338,0,266,71,19508,25226,16.5,2.9,1941,0,12.1,2411,237,148,218738,0,31946,63,305,1124,817,102,45159,71.9,10679,67.2,25072,1,37,2411,0,0,0.7,0.308483290488432,2306,0,93,0,1309,5,140,5,7019,23340,33,5,0.50
10,3.33333333333333,7201,3,18.2608695652174,2252,127318,13644,6338,0,266,71,19508,25226,16.5,2.9,1941,0,12.1,2412,237,148,218738,0,31946,63,305,1125,817,102,45159,71.9,10679,67.3,25072,1,36,2412,0,0,0.7,0.316100161858517,2306,0,94,0,1314,5,140,5,7019,105030,33,5,0.30
0,0,7191,0,0,0,0,0,0,0,0,0,0,0,0,0,0,0,0,0,0,0,0,0,0,0,0,0,0,0,0,0,0,0,0,0,0,0,0,0,0,0,0,0,0,0,0,0,0,0,0,0,0,0,0.00
13,13,7191,4,11.7839607201309,2249,127115,13631,6338,0,254,70.9,19476,25216,16.6,2.9,1939,0,12.1,2409,237,148,218458,0,31871,63,303,1124,817,102,45060,71.8,10649,67.1,25035,1,36,2409,0,0,0.7,0.282567049808429,2303,0,94,0,1314,5,140,5,6989,104400,33,5,0.38
12,12,7178,5,10.1010101010101,2248,126983,13620,6338,0,254,70.9,19462,25197,16.6,2.9,1938,0,12.1,2404,237,148,218272,0,31848,62,300,1123,817,102,45009,71.8,10643,67.1,25000,1,36,2404,0,0,0.7,0.262070355810906,2299,0,93,0,1309,5,140,5,6986,99210,33,5,0.33
13,13,7166,6,11.7839607201309,2248,126940,13616,6338,0,254,70.9,19452,25196,16.6,2.9,1938,0,12.1,2404,237,148,218227,0,31835,62,300,1123,817,102,44992,71.8,10634,67.1,25000,1,36,2404,0,0,0.7,0.263264479546375,2299,0,93,0,1309,5,140,5,6983,98760,33,5,0.46
17,4.25,7153,3,11.2299465240642,2183,124309,13342,6338,0,254,71,19012,24819,16.6,3,1902,0,12.1,2359,237,148,213927,0,31056,62,295,1101,801,100,43898,71.9,10392,67,24628,1,33,2359,0,0,0.7,0,2254,0,93,0,1309,5,140,5,6806,14610,33,5,0.23
0,0,7136,0,0,0,0,0,0,0,0,0,0,0,0,0,0,0,0,0,0,0,0,0,0,0,0,0,0,0,0,0,0,0,0,0,0,0,0,0,0,0,0,0,0,0,0,0,0,0,0,0,0,0,0.00
7,7,7136,3,19.4805194805195,2183,124215,13343,6338,0,254,71,19013,24797,16.6,3,1900,0,12.1,2359,237,148,213805,0,31060,62,295,1101,801,100,43902,71.9,10392,67,24628,1,33,2359,0,0,0.7,0,2254,0,93,0,1309,5,140,5,6806,11250,33,5,0.57
11,11,7129,4,11.6363636363636,2183,124215,13343,6338,0,254,71,19013,24797,16.6,3,1900,0,12.1,2359,237,148,213805,0,31060,62,295,1101,801,100,43902,71.9,10392,67,24628,1,33,2359,0,0,0.7,0.34816247582205,2254,0,93,0,1309,5,140,5,6806,15510,33,5,0.45
17,8.5,7118,5,9.51557093425606,2183,124179,13339,6338,0,254,71,19005,24790,16.6,3,1900,0,12.1,2359,237,148,213748,0,31049,62,295,1101,801,100,43882,71.9,10384,67,24628,1,33,2359,0,0,0.7,0.285261489698891,2254,0,93,0,1309,5,140,5,6802,18930,33,5,0.23
0,0,7101,0,0,0,0,0,0,0,0,0,0,0,0,0,0,0,0,0,0,0,0,0,0,0,0,0,0,0,0,0,0,0,0,0,0,0,0,0,0,0,0,0,0,0,0,0,0,0,0,0,0,0,0.00
19,4.75,7101,4,8.20232399179768,2183,124179,13339,6338,0,254,71,19005,24790,16.6,3,1900,0,12.1,2359,237,148,213748,0,31049,62,295,1101,801,100,43882,71.9,10384,67,24628,1,33,2359,0,0,0.7,0.319444444444444,2254,0,93,0,1309,5,140,5,6802,21600,33,5,0.42
7,7,7082,4,17.5824175824176,2182,124038,13319,6338,0,254,71,18974,24786,16.7,3,1900,0,12.1,2351,237,148,213575,0,31006,62,294,1094,801,100,43816,71.9,10362,67,24564,1,33,2351,0,0,0.7,0.0865051903114187,2246,0,93,0,1309,5,140,5,6789,17340,33,5,0.42
24,12,7075,2,15.2777777777778,2182,123887,13318,6338,0,254,71,18975,24745,16.6,3,1897,0,12.1,2351,237,148,213368,0,31007,62,294,1094,801,100,43818,71.9,10366,67,24564,1,33,2351,0,0,0.7,0.610147719974309,2246,0,93,0,1309,5,140,5,6794,15570,33,5,0.20
2,1,7051,1,100,2182,123887,13318,6338,0,254,71,18975,24745,16.6,3,1897,0,12.1,2351,237,148,213368,0,31007,62,294,1094,801,100,43818,71.9,10366,67,24564,1,33,2351,0,0,0.7,0.574712643678161,2246,0,93,0,1309,5,140,5,6794,16530,33,5,0.00
18,9,7049,4,10.6995884773663,2181,123804,13303,6338,0,254,70.9,18953,24741,16.7,3,1896,0,12,2345,237,148,213238,0,30979,62,294,1093,797,99,43782,71.9,10354,67,24489,1,33,2345,0,0,0.7,0.753186558516802,2240,0,93,0,1309,5,140,5,6786,51780,33,5,0.27
0,0,7031,0,0,0,0,0,0,0,0,0,0,0,0,0,0,0,0,0,0,0,0,0,0,0,0,0,0,0,0,0,0,0,0,0,0,0,0,0,0,0,0,0,0,0,0,0,0,0,0,0,0,0,0.00
22,11,7031,6,6.70640834575261,2180,123702,13296,6338,0,254,70.9,18938,24732,16.7,3,1895,0,12,2343,237,148,213099,0,30937,62,292,1093,797,99,43722,71.8,10336,66.9,24469,1,32,2343,0,0,0.7,0.646864686468647,2238,0,93,0,1309,5,140,5,6777,60600,33,5,0.31
0,0,7009,0,0,0,0,0,0,0,0,0,0,0,0,0,0,0,0,0,0,0,0,0,0,0,0,0,0,0,0,0,0,0,0,0,0,0,0,0,0,0,0,0,0,0,0,0,0,0,0,0,0,0,0.00
25,6.25,7009,4,12.2247191011236,2180,123670,13296,6338,0,254,70.9,18938,24732,16.7,3,1895,0,12,2348,237,148,213067,0,30937,62,292,1093,802,99,43722,71.9,10336,67,24494,1,32,2348,0,0,0.7,0.720851475568457,2243,0,93,0,1309,5,140,5,6777,62010,37,5,0.36
0,0,6984,0,0,0,0,0,0,0,0,0,0,0,0,0,0,0,0,0,0,0,0,0,0,0,0,0,0,0,0,0,0,0,0,0,0,0,0,0,0,0,0,0,0,0,0,0,0,0,0,0,0,0,0.00
0,0,6984,0,0,0,0,0,0,0,0,0,0,0,0,0,0,0,0,0,0,0,0,0,0,0,0,0,0,0,0,0,0,0,0,0,0,0,0,0,0,0,0,0,0,0,0,0,0,0,0,0,0,0,0.00
22,11,6984,6,6.70640834575261,2192,123880,13300,5865,0,254,70.8,19020,24634,16.6,2.8,1899,0,12,2373,204,139,213262,0,31133,62,294,1098,819,100,43995,71.7,10412,67.3,24292,1,30,2373,0,0,0.7,0.480769230769231,2254,0,94,0,1319,5,270,5,6875,12480,33,5,0.27
0,0,6962,0,0,0,0,0,0,0,0,0,0,0,0,0,0,0,0,0,0,0,0,0,0,0,0,0,0,0,0,0,0,0,0,0,0,0,0,0,0,0,0,0,0,0,0,0,0,0,0,0,0,0,0.00
13,13,6962,4,9.92555831265509,2192,123818,13299,5865,0,254,70.8,19012,24623,16.6,2.8,1899,0,12,2366,204,139,213179,0,31095,62,294,1093,817,100,43962,71.7,10402,67.3,24242,1,30,2366,0,0,0.7,0.0496031746031746,2247,0,94,0,1319,5,270,5,6873,10080,33,5,0.30
14,3.5,6949,3,13.469387755102,2192,123818,13299,5865,0,254,70.8,19012,24623,16.6,2.8,1899,0,12,2366,204,139,213179,0,31095,62,294,1093,817,100,43962,71.7,10402,67.3,24242,1,30,2366,0,0,0.7,0.0496031746031746,2247,0,94,0,1319,5,270,5,6873,10080,33,5,0.42
0,0,6935,0,0,0,0,0,0,0,0,0,0,0,0,0,0,0,0,0,0,0,0,0,0,0,0,0,0,0,0,0,0,0,0,0,0,0,0,0,0,0,0,0,0,0,0,0,0,0,0,0,0,0,0.00
23,11.5,6935,3,12.3913043478261,2192,123814,13299,5865,0,254,70.8,19011,24623,16.6,2.8,1899,0,12,2373,204,139,213175,0,31095,62,294,1093,824,100,43960,71.7,10400,67.3,24277,1,30,2373,0,0,0.7,0,2254,0,94,0,1319,5,270,5,6872,9600,33,5,0.26
12,12,6912,3,15.5172413793103,2192,123814,13299,5865,0,254,70.8,19011,24623,16.6,2.8,1899,0,12,2373,204,139,213175,0,31095,62,294,1093,824,100,43960,71.7,10400,67.3,24277,1,30,2373,0,0,0.7,0.378590078328982,2254,0,94,0,1319,5,270,5,6872,45960,33,5,0.33
7,1.75,6900,3,24.4897959183673,2192,123814,13299,5865,0,254,70.8,19011,24623,16.6,2.8,1899,0,12,2373,204,139,213175,0,31095,62,294,1093,824,100,43960,71.7,10400,67.3,24277,1,30,2373,0,0,0.7,0.378590078328982,2254,0,94,0,1319,5,270,5,6872,45960,33,5,0.57
0,0,6893,0,0,0,0,0,0,0,0,0,0,0,0,0,0,0,0,0,0,0,0,0,0,0,0,0,0,0,0,0,0,0,0,0,0,0,0,0,0,0,0,0,0,0,0,0,0,0,0,0,0,0,0.00
11,11,6893,5,12.396694214876,2192,123806,13298,5867,0,254,70.8,19010,24616,16.6,2.8,1899,0,12,2372,204,139,213157,0,31091,62,294,1093,824,99,43956,71.7,10400,67.3,24277,1,30,2372,0,0,0.7,0.38107752956636,2253,0,94,0,1319,5,270,5,6871,45660,33,5,0.36
17,5.66666666666667,6882,3,11.2299465240642,2172,122627,13063,5709,0,254,70.6,18745,24146,16.5,2.7,1883,0,12,2346,194,134,210526,0,30741,62,294,1082,809,99,43548,71.5,10279,67,24028,1,30,2346,0,0,0.7,0,2227,0,94,0,1319,5,270,5,6798,9600,33,5,0.35
7,2.33333333333333,6865,2,24.4897959183673,2172,122627,13063,5709,0,254,70.6,18745,24146,16.5,2.7,1883,0,12,2346,194,134,210526,0,30741,62,294,1082,809,99,43548,71.5,10279,67,24028,1,30,2346,0,0,0.7,0,2227,0,94,0,1319,5,270,5,6798,9600,33,5,0.42
15,15,6858,3,12.6315789473684,2172,122627,13063,5709,0,254,70.6,18745,24146,16.5,2.7,1883,0,12,2346,194,134,210526,0,30741,62,294,1082,809,99,43548,71.5,10279,67,24028,1,30,2346,0,0,0.7,0,2227,0,94,0,1319,5,270,5,6798,9600,33,5,0.26
14,14,6843,2,13.265306122449,2172,122627,13063,5709,0,254,70.6,18745,24146,16.5,2.7,1883,0,12,2346,194,134,210526,0,30741,62,294,1082,809,99,43548,71.5,10279,67,24028,1,30,2346,0,0,0.7,0,2227,0,94,0,1319,5,270,5,6798,9600,33,5,0.28
5,2.5,6829,2,32,2172,122627,13063,5709,0,254,70.6,18745,24146,16.5,2.7,1883,0,12,2346,194,134,210526,0,30741,62,294,1082,809,99,43548,71.5,10279,67,24028,1,30,2346,0,0,0.7,0,2227,0,94,0,1319,5,270,5,6798,9600,33,5,0.60
11,2.75,6824,3,18.475073313783,2172,122627,13063,5709,0,254,70.6,18745,24146,16.5,2.7,1883,0,12,2346,194,134,210526,0,30741,62,294,1082,809,99,43548,71.5,10279,67,24028,1,30,2346,0,0,0.7,0,2227,0,94,0,1319,5,270,5,6798,9600,33,5,0.36
0,0,6813,0,0,0,0,0,0,0,0,0,0,0,0,0,0,0,0,0,0,0,0,0,0,0,0,0,0,0,0,0,0,0,0,0,0,0,0,0,0,0,0,0,0,0,0,0,0,0,0,0,0,0,0.00
7,7,6813,2,24.4897959183673,2172,122626,13063,5709,0,254,70.6,18745,24145,16.5,2.7,1883,0,12,2346,194,134,210523,0,30741,62,294,1082,809,99,43548,71.5,10279,67,24028,1,30,2346,0,0,0.7,0,2227,0,94,0,1319,5,270,5,6798,9570,33,5,0.28
20,10,6806,6,7.35849056603774,2172,122626,13063,5709,0,254,70.6,18745,24145,16.5,2.7,1883,0,12,2346,194,134,210523,0,30741,62,294,1082,809,99,43548,71.5,10279,67,24028,1,30,2346,0,0,0.7,0,2227,0,94,0,1319,5,270,5,6798,11760,33,5,0.45
7,2.33333333333333,6786,2,24.4897959183673,2172,122626,13063,5709,0,254,70.6,18745,24145,16.5,2.7,1883,0,12,2346,194,134,210523,0,30741,62,294,1082,809,99,43548,71.5,10279,67,24028,1,30,2346,0,0,0.7,0,2227,0,94,0,1319,5,270,5,6798,11790,33,5,0.42
13,13,6779,2,14.2011834319527,2172,122626,13063,5709,0,254,70.6,18745,24145,16.5,2.7,1883,0,12,2346,194,134,210523,0,30741,62,294,1082,809,99,43548,71.5,10279,67,24028,1,30,2346,0,0,0.7,0,2227,0,94,0,1319,5,270,5,6798,11790,33,5,0.15
9,9,6766,4,14.0350877192982,2172,122626,13063,5709,0,254,70.6,18745,24145,16.5,2.7,1883,0,12,2346,194,134,210523,0,30741,62,294,1082,809,99,43548,71.5,10279,67,24028,1,30,2346,0,0,0.7,0.0351617440225035,2227,0,94,0,1319,5,270,5,6798,14220,33,5,0.44
9,9,6757,3,20,2172,122557,13060,5709,0,254,70.6,18741,24125,16.4,2.7,1882,0,12,2344,194,134,210416,0,30734,62,294,1082,807,99,43538,71.4,10277,66.9,21926,1,30,2344,0,0,0.6,0.0414593698175788,2225,0,94,0,1299,5,270,5,6797,12060,33,5,0.33
0,0,6748,0,0,0,0,0,0,0,0,0,0,0,0,0,0,0,0,0,0,0,0,0,0,0,0,0,0,0,0,0,0,0,0,0,0,0,0,0,0,0,0,0,0,0,0,0,0,0,0,0,0,0,0.00
9,9,6748,4,14.0350877192982,2172,122557,13060,5709,0,254,70.6,18740,24125,16.4,2.7,1882,0,12,2344,194,134,210416,0,30734,62,294,1082,807,99,43538,71.4,10275,66.9,21926,1,30,2344,0,0,0.6,0.0416666666666667,2225,0,94,0,1299,5,270,5,6797,12000,33,5,0.22
19,4.75,6739,4,8.20232399179768,2172,122556,13060,5709,0,254,70.6,18740,24117,16.4,2.7,1882,0,12,2345,194,134,210407,0,30734,62,294,1082,807,100,43538,71.4,10275,66.9,21926,1,30,2345,0,0,0.6,0.0417710944026733,2226,0,94,0,1299,5,270,5,6797,11970,33,5,0.36
9,9,6720,2,19.7530864197531,2171,122476,13051,5709,0,254,70.6,18720,24116,16.5,2.7,1881,0,12,2344,194,134,210292,0,30703,62,293,1082,807,100,43498,71.5,10275,66.9,21921,1,30,2344,0,0,0.6,0.199004975124378,2225,0,94,0,1299,5,270,5,6786,10050,33,5,0.33
8,8,6711,2,21.875,2171,122476,13051,5709,0,254,70.6,18720,24116,16.5,2.7,1881,0,12,2344,194,134,210292,0,30703,62,293,1082,807,100,43498,71.5,10275,66.9,21921,1,30,2344,0,0,0.6,0.198412698412698,2225,0,94,0,1299,5,270,5,6786,10080,33,5,0.25
7,1.75,6703,2,24.4897959183673,2171,122476,13051,5709,0,254,70.6,18720,24116,16.5,2.7,1881,0,12,2344,194,134,210292,0,30703,62,293,1082,807,100,43498,71.5,10275,66.9,21921,1,30,2344,0,0,0.6,0.198412698412698,2225,0,94,0,1299,5,270,5,6786,10080,33,5,0.42
0,0,6696,0,0,0,0,0,0,0,0,0,0,0,0,0,0,0,0,0,0,0,0,0,0,0,0,0,0,0,0,0,0,0,0,0,0,0,0,0,0,0,0,0,0,0,0,0,0,0,0,0,0,0,0.00
17,17,6696,2,20.7612456747405,2171,122461,13051,5709,0,254,70.6,18717,24112,16.5,2.7,1881,0,12,2343,194,134,210268,0,30695,62,293,1081,807,100,43488,71.5,10269,66.9,21901,1,30,2343,0,0,0.6,0,2224,0,94,0,1299,5,270,5,6782,9600,33,5,0.41
13,13,6679,4,9.92555831265509,2171,122461,13051,5709,0,254,70.6,18717,24112,16.5,2.7,1881,0,12,2343,194,134,210268,0,30695,62,293,1081,807,100,43488,71.5,10269,66.9,21901,1,30,2343,0,0,0.6,0,2224,0,94,0,1299,5,270,5,6782,9600,33,5,0.38
6,6,6666,2,27.7777777777778,2171,122466,13051,5709,0,254,70.6,18717,24112,16.4,2.7,1881,0,12,2343,194,134,210273,0,30695,62,293,1081,807,100,43488,71.5,10269,66.9,21901,1,30,2343,0,0,0.6,0,2224,0,94,0,1299,5,270,5,6782,10380,33,5,0.33
9,9,6660,2,19.7530864197531,2171,122466,13051,5709,0,254,70.6,18717,24112,16.4,2.7,1881,0,12,2343,194,134,210273,0,30695,62,293,1081,807,100,43488,71.5,10269,66.9,21901,1,30,2343,0,0,0.6,0,2224,0,94,0,1299,5,270,5,6782,11850,33,5,0.33
8,2.66666666666667,6651,2,21.875,2171,122466,13051,5709,0,254,70.6,18717,24112,16.4,2.7,1881,0,12,2343,194,134,210273,0,30695,62,293,1081,807,100,43488,71.5,10269,66.9,21901,1,30,2343,0,0,0.6,0,2224,0,94,0,1299,5,270,5,6782,13350,33,5,0.62
0,0,6643,0,0,0,0,0,0,0,0,0,0,0,0,0,0,0,0,0,0,0,0,0,0,0,0,0,0,0,0,0,0,0,0,0,0,0,0,0,0,0,0,0,0,0,0,0,0,0,0,0,0,0,0.00
21,10.5,6643,4,9.23520923520923,2171,122466,13051,5709,0,254,70.6,18717,24112,16.4,2.7,1881,0,12,2343,194,134,210273,0,30695,62,293,1081,807,100,43488,71.5,10269,66.9,21901,1,30,2343,0,0,0.6,0,2224,0,94,0,1299,5,270,5,6782,13710,33,5,0.38
21,10.5,6622,3,13.4920634920635,2171,122461,13050,5709,0,254,70.6,18715,24113,16.5,2.7,1881,0,12,2321,194,134,210265,0,30695,62,293,1059,807,100,43486,71.5,10263,66.9,21891,1,30,2321,0,0,0.6,0,2202,0,94,0,1299,5,270,5,6781,12900,33,5,0.19
12,4,6601,2,15.2777777777778,2171,122360,13050,5709,0,254,70.6,18715,24089,16.4,2.7,1879,0,12,2321,194,134,210130,0,30695,62,293,1059,807,100,43486,71.5,10263,66.9,21891,1,30,2321,0,0,0.6,0,2202,0,94,0,1299,5,270,5,6781,15510,33,5,0.41
0,0,6589,0,0,2171,122360,13050,5709,0,254,70.6,18715,24089,16.4,2.7,1879,0,12,2321,194,134,210130,0,30695,62,293,1059,807,100,43486,71.5,10263,66.9,21891,1,30,2321,0,0,0.6,0,2202,0,94,0,1299,5,270,5,6781,15900,33,5,0.00
11,11,6589,5,12.987012987013,2171,122352,13050,5709,0,254,70.6,18715,24088,16.4,2.7,1879,0,12,2321,194,134,210121,0,30695,62,293,1059,807,100,43486,71.5,10263,66.8,21891,1,30,2321,0,0,0.6,0,2202,0,94,0,1299,5,270,5,6781,15600,33,5,0.90
0,0,6578,0,0,0,0,0,0,0,0,0,0,0,0,0,0,0,0,0,0,0,0,0,0,0,0,0,0,0,0,0,0,0,0,0,0,0,0,0,0,0,0,0,0,0,0,0,0,0,0,0,0,0,0.00
125,2.04918032786885,3358,13,1.44183927352895,773,45668,3914,949,0,13,74.8,5950,8584,15.8,1,1031,0,5.9,362,28,21,93976,0,17440,0,17,201,142,2,13745,74.8,0,0,2178,1,16,362,0,0,0.2,0.122280451008417,316,0,46,0,320,3,0,1,3126,62970,2,1,0.42
86,1.32307692307692,3233,10,1.43864520725625,737,43748,3755,933,0,13,73,5637,8100,15.6,1,994,0,5.8,351,28,21,90613,0,16536,0,14,194,141,2,12797,73,0,0,2111,1,16,351,0,0,0.2,0,305,0,46,0,320,3,0,1,2918,0,9,1,0.44
124,2.33962264150943,3147,8,1.65096701292074,735,43512,3740,925,0,24,73.5,5610,8054,15.6,1.1,990,0,5.8,350,28,21,83697,0,16394,0,14,193,141,2,12504,73.5,0,0,2091,1,16,350,0,0,0.2,1.41843971631206,304,0,46,0,320,3,0,1,2914,2820,9,1,0.50
0,0,3023,0,0,0,0,0,0,0,0,0,0,0,0,0,0,0,0,0,0,0,0,0,0,0,0,0,0,0,0,0,0,0,0,0,0,0,0,0,0,0,0,0,0,0,0,0,0,0,0,0,0,0,0.00
0,0,3023,0,0,0,0,0,0,0,0,0,0,0,0,0,0,0,0,0,0,0,0,0,0,0,0,0,0,0,0,0,0,0,0,0,0,0,0,0,0,0,0,0,0,0,0,0,0,0,0,0,0,0,0.00
79,1.83720930232558,3023,7,2.93421743894986,734,43369,3734,928,0,24,73.3,5571,8051,15.7,1.1,990,0,5.7,772,27,20,83485,0,16318,0,16,614,140,2,12440,73.3,0,0,2648,1,18,772,0,0,0.2,0.205761316872428,726,0,46,0,320,3,0,1,2880,2430,9,1,0.56
305,1.63101604278075,2944,30,0.434193506300299,464,34742,2764,1077,0,8,48.2,4343,7184,17.1,1.5,710,0,6.2,739,33,22,71122,0,12209,1,9,602,125,2,18694,48.2,0,0,2306,1,18,739,0,0,0.2,0,696,0,42,0,260,3,30,5,2327,6870,8,1,0.47
57,3.5625,2639,2,21.5450907971684,456,34314,2719,1072,0,8,77.1,4268,6989,16.9,1.5,700,0,6.2,801,33,22,70029,0,12066,0,51,576,172,2,11775,77.1,0,0,2490,1,23,797,4,0,0.2,0.340136054421769,763,0,38,0,165,3,0,1,2290,1470,0,1,0.36
196,2.04166666666667,2582,17,0.601871918222665,456,34274,2712,1074,0,8,77.1,4258,6969,16.9,1.5,700,0,6.2,793,33,22,69950,0,12040,0,45,574,172,2,11773,77.1,0,0,2473,1,23,789,4,0,0.2,0,756,0,37,0,160,2,0,1,2285,570,0,1,0.22
221,3.56451612903226,2386,16,0.581932229098012,455,34148,2702,1066,0,8,77.1,4236,6932,16.9,1.5,699,0,6.2,799,33,22,69698,0,11973,0,37,583,171,8,11719,77.1,0,0,2958,1,17,799,0,0,0.3,0.169491525423729,752,0,47,0,265,3,0,1,2272,7080,65,1,0.31
208,2.53658536585366,2165,12,0.962651154194165,475,34208,2748,1233,0,9,75.8,4307,7130,17.2,1.8,719,0,6.1,183,36,25,70020,0,12028,0,5,116,55,7,11583,75.8,0,0,2119,1,17,183,0,0,0.2,0.315420560747664,142,0,41,0,160,3,0,1,2283,51360,79,1,0.36
137,2.79591836734694,1957,17,0.899914779742027,440,31561,2511,1006,0,9,74.4,3931,6836,17.8,1.5,683,0,5.9,126,29,20,66062,0,11064,0,5,65,47,9,10922,74.4,0,0,1872,1,19,125,0,1,0.2,0.641562064156206,88,0,38,0,165,2,0,1,2063,7170,1,1,0.40
94,1.91836734693878,1820,13,1.55916708044432,435,30402,2428,742,0,9,73.1,3818,6659,18,1.1,680,0,5.7,213,27,19,64841,0,10766,0,5,113,91,4,10507,73.1,0,0,1481,1,20,212,0,1,0.2,0,111,0,102,0,428,3,0,1,2027,1230,4,1,0.39
2,1,1726,1,100,435,30279,2428,742,0,9,73.1,3817,6485,17.6,1.1,680,0,5.7,200,27,19,64843,0,10760,0,5,101,90,4,10507,73.1,0,0,1476,1,20,199,0,1,0.2,0,110,0,90,0,313,3,0,1,2028,20550,10,1,0.00
277,1.64880952380952,1724,21,0.567308254633868,432,30165,2418,748,0,9,73,3799,6450,17.6,1.2,677,0,5.7,200,27,19,64614,0,10684,0,5,101,90,4,10464,73,0,0,1476,1,20,199,0,1,0.2,0.129032258064516,110,0,90,0,313,3,0,1,2018,60450,10,1,0.44
34,1.17241379310345,1447,9,4.12528647822765,412,27717,2209,750,0,9,66.7,3459,6043,17.9,0.8,669,195,5.3,197,29,19,60541,0,9837,0,3,140,51,3,9873,66.7,0,0,1759,1,27,195,0,2,0.2,0,151,0,46,0,200,3,0,1,1848,9960,0,0,0.44
51,1.82142857142857,1413,11,3.25693107232333,413,27730,2210,876,0,9,66.8,3471,5993,17.8,1,669,195,5.3,197,31,21,60195,0,9840,0,3,140,51,3,9890,66.8,0,0,1759,1,50,195,0,2,0.2,0,151,0,46,0,200,3,0,1,1860,66330,0,0,0.39
103,2.64102564102564,1362,11,1.40089643221193,390,47805,2085,732,0,9,66.6,3318,6521,12,0.7,853,202,4,173,29,18,83166,0,9677,0,3,112,55,3,9477,66.6,0,0,1189,1,34,170,0,3,0.1,0,127,0,46,0,200,3,0,1,1785,265230,0,0,0.32
8,1.33333333333333,1259,3,22.0588235294118,389,47689,2076,732,0,9,66.4,3295,6465,11.9,0.7,852,202,3.9,173,29,18,82928,0,9620,0,3,112,55,3,9408,66.4,0,0,1189,1,34,170,0,3,0.1,0,127,0,46,0,200,3,0,1,1762,263970,0,0,0.37
18,6,1251,3,13.4831460674157,374,45549,2057,731,0,9,65.8,3274,6411,12.3,0.7,822,196,4.1,174,29,18,79772,0,9434,0,3,112,56,3,9177,65.8,0,0,1189,1,34,171,0,3,0.1,0,127,0,47,0,202,3,0,1,1743,178140,0,0,0.22
68,1.78947368421053,1233,15,2.16445484160126,332,40453,1852,595,0,9,64.9,3035,5913,12.8,0.8,773,179,4,284,29,14,72345,0,8752,0,9,115,59,101,8457,64.9,0,0,1779,1,16,279,0,5,0.1,0.0813802083333333,228,0,49,0,212,3,0,1,1691,122880,0,0,0.44
7,3.5,1165,3,25.7142857142857,331,40428,1849,595,0,9,65,3029,5907,12.7,0.8,772,179,4,284,29,14,72300,0,8742,0,9,115,59,101,8443,65,0,0,1779,1,16,279,0,5,0.1,0.0818799639728159,228,0,49,0,212,3,0,1,1688,122130,0,0,0.28
11,5.5,1158,4,13.7592137592138,331,40428,1849,595,0,9,65,3029,5907,12.7,0.8,772,179,4,284,29,14,72298,0,8742,0,9,115,59,101,8443,65,0,0,1779,1,16,279,0,5,0.1,0.075041272699985,228,0,49,0,212,3,0,1,1688,133260,0,0,0.54
66,2.35714285714286,1147,17,2.13502242183074,300,38385,1667,569,0,9,53.1,2733,5291,12.1,0.8,725,164,3.8,333,51,12,68152,0,8047,0,9,105,70,149,7557,53.1,0,0,2172,1,12,326,0,7,0.2,0,274,0,55,0,227,3,0,1,1557,157200,0,0,0.37
14,2.8,1081,4,16.3265306122449,300,38325,1667,575,0,9,53.1,2733,5304,12.2,0.8,725,164,3.8,333,51,12,68102,0,8032,0,9,105,70,149,7536,53.1,0,0,2172,1,12,326,0,7,0.2,0,274,0,55,0,227,3,0,1,1554,167340,0,0,0.64
19,1.9,1067,3,26.7206477732794,297,38168,1662,575,0,9,52.7,2722,5281,12.2,0.8,722,163,3.8,333,51,12,67844,0,7968,0,9,105,70,149,7467,52.7,0,0,2172,1,12,326,0,7,0.2,0.013290802764487,274,0,55,0,227,3,0,1,1548,225720,0,0,0.47
39,1.69565217391304,1048,7,4.8122493620124,281,34448,1570,575,0,9,51.5,2580,5008,12.7,0.9,687,155,3.8,201,51,12,61980,0,7623,0,8,28,16,149,7168,51.5,0,0,1792,1,9,194,0,7,0.2,0.0185597624350408,198,0,0,0,0,1,0,1,1498,161640,0,0,0.25
2,2,1009,1,100,281,34448,1570,575,0,9,51.5,2580,5008,12.7,0.9,687,155,3.8,201,51,12,61980,0,7623,0,8,28,16,149,7168,51.5,0,0,1792,1,9,194,0,7,0.2,0.0185597624350408,198,0,0,0,0,1,0,1,1498,161640,0,0,0.50
43,2.26315789473684,1007,4,7.32657685416054,255,31777,1507,523,0,9,49.5,2453,4716,12.9,0.9,638,147,3.9,218,49,11,57863,0,7180,0,169,28,17,4,6735,49.5,0,0,1894,1,8,211,0,7,0.2,0,215,0,0,0,0,1,0,1,1352,108690,0,0,0.37
26,3.25,964,5,8.01137545952695,250,30084,1467,520,0,0,52.4,2390,4582,13.2,0.9,615,143,4,218,49,11,55542,0,6983,0,169,28,17,4,6579,52.4,0,0,1894,1,5,211,0,7,0.2,0,215,0,0,0,0,1,0,1,1313,62640,0,0,0.46
34,2.42857142857143,938,6,6.53312757619444,248,29528,1425,520,0,0,51.7,2344,4563,13.4,1,616,144,3.9,215,49,11,54636,0,6862,0,166,28,17,4,6497,51.7,0,0,1890,1,5,208,0,7,0.2,0.100502512562814,215,0,0,0,0,1,0,1,1302,59700,0,0,0.61
12,6,904,6,11.9047619047619,248,29512,1425,520,0,0,50.1,2342,4561,13.4,1,616,144,3.9,221,49,11,54615,0,6855,0,166,32,19,4,6493,50.1,0,0,1900,1,1,214,0,7,0.2,0.102933607822954,217,0,4,0,4,3,0,1,1298,58290,0,0,0.16
53,1.65625,892,12,2.45519947388583,242,25942,1288,568,0,0,42.7,2172,4146,13.8,1.1,590,136,3.7,68,51,12,49518,0,6359,0,8,33,18,9,7033,42.7,0,0,1252,1,1,61,0,7,0.2,0.14569797204174,68,0,0,0,0,1,0,1,1232,50790,0,0,0.54
9,1.125,839,2,49.3827160493827,243,25840,1289,568,0,0,42.6,2168,4148,13.8,1.1,591,131,3.7,67,51,12,49432,0,6264,0,8,33,17,9,7024,42.6,0,0,1247,1,1,60,0,7,0.2,0.173913043478261,67,0,0,0,0,1,0,1,1233,48300,0,0,0.55
29,2.07142857142857,830,5,10.5842328531228,242,25183,1284,565,0,0,42.4,2123,4119,14.1,1.2,580,121,3.7,62,51,12,48553,0,6148,0,6,32,16,8,6892,42.4,0,0,1191,1,1,55,0,7,0.2,0.168208578637511,62,0,0,0,0,1,0,1,1173,35670,0,0,0.31
42,2.47058823529412,801,11,3.81390657504886,224,24577,1238,565,0,0,41.9,2043,3967,13.9,1.2,556,113,3.7,56,51,12,47267,0,5895,0,6,29,14,7,6631,41.9,0,0,1166,1,1,49,0,7,0.2,0.159208982738395,56,0,0,0,0,1,0,1,1128,59670,0,0,0.35
34,3.4,759,7,5.25657071339174,223,24374,1231,565,0,0,40.4,2008,3937,13.9,1.2,554,114,3.6,54,51,12,46953,0,5814,0,7,26,14,7,6536,40.4,0,0,1148,1,1,47,0,7,0.2,0.0868055555555556,54,0,0,0,0,1,0,1,1092,115200,0,0,0.32
47,2.76470588235294,725,9,3.33024976873266,217,23569,1180,571,0,0,37.1,1883,3776,13.8,1.3,545,112,3.5,69,55,12,45460,0,5495,0,6,47,10,6,6212,37.1,0,0,1579,1,1,60,0,9,0.2,0.10149642160052,69,0,0,0,0,1,0,1,1011,230550,0,0,0.34
0,0,678,0,0,0,0,0,0,0,0,0,0,0,0,0,0,0,0,0,0,0,0,0,0,0,0,0,0,0,0,0,0,0,0,0,0,0,0,0,0,0,0,0,0,0,0,0,0,0,0,0,0,0,0.00
158,5.64285714285714,12718,9,2.09458596935247,1412,93970,11653,9900,0,0,0,19828,4170,4.2,6.4,1182,0,16.8,261,535,179,154340,0,38353,0,134,77,34,16,0,0,0,0,5243,1,18,261,0,0,0.2,0.0172711571675302,261,0,0,0,0,1,0,1,14390,5790,0,1,0.63
660,3.28358208955224,12560,29,0.295749811731615,1406,93280,11564,9906,0,0,0,19681,4131,4.2,6.5,1177,0,16.7,271,535,180,153290,0,38102,0,134,81,39,17,0,0,0,0,5267,1,18,271,0,0,0.2,0.463365189690125,271,0,0,0,0,1,0,1,14256,34530,0,1,0.55
0,0,11900,0,0,0,0,0,0,0,0,0,0,0,0,0,0,0,0,0,0,0,0,0,0,0,0,0,0,0,0,0,0,0,0,0,0,0,0,0,0,0,0,0,0,0,0,0,0,0,0,0,0,0,0.00
59,5.9,11900,8,3.62986560627284,1398,90629,11283,7674,0,0,0,18994,3837,4.1,5.1,1169,0,16.3,293,456,169,149471,0,36847,0,130,97,52,14,0,0,0,0,5662,1,18,293,0,0,0.2,0.366132723112128,293,0,0,0,0,1,0,1,13618,13110,0,1,0.61
172,4.52631578947368,11841,16,1.08925144873707,1398,90539,11275,7695,0,0,0,18975,3833,4.1,5.2,1169,0,16.2,292,459,168,149369,0,36818,0,130,97,51,14,0,0,0,0,5642,1,18,292,0,0,0.2,0.155038759689922,292,0,0,0,0,1,0,1,13595,18060,0,1,0.50
94,13.4285714285714,11669,9,2.6141892382543,1388,89776,11224,7663,0,0,0,18856,3884,4.1,5.2,1162,0,16.2,383,449,167,148431,0,36508,1,130,121,49,82,0,0,0,0,6493,1,18,383,0,0,0.2,0.0823487289652703,383,0,0,0,0,1,0,1,13506,83790,0,1,0.65
90,6.92307692307692,11575,13,1.80590333105698,1384,89440,11186,7642,0,0,0,18799,3876,4.2,5.2,1159,0,16.2,383,446,167,147954,0,36379,1,132,119,48,83,0,0,0,0,6523,1,18,383,0,0,0.2,0.100783874580067,383,0,0,0,0,1,0,1,13448,107160,0,1,0.61
1214,4.00660066006601,11485,48,0.162292813307842,1384,89444,11186,7642,0,0,0,18814,3876,4.2,5.2,1159,0,16.2,383,446,167,147961,0,36383,1,132,119,48,83,0,0,0,0,6523,1,18,383,0,0,0.2,0.107719928186715,383,0,0,0,0,1,0,1,13460,100260,0,1,0.52
2,2,10271,1,100,1297,83888,10324,7154,0,0,0,17592,3335,3.8,5.2,1092,0,16.1,680,442,165,138672,0,34514,1,176,341,79,83,0,0,0,0,13220,1,3,680,0,0,0.5,0,620,0,22,0,660,3,570,2,12954,3960,0,1,0.50
41,1.20588235294118,10269,10,4.45145135862005,1297,83849,10322,7154,0,0,0,17583,3333,3.8,5.2,1092,0,16.1,680,442,165,138626,0,34493,1,176,341,79,83,0,0,0,0,13220,1,3,680,0,0,0.5,0,620,0,22,0,660,3,570,2,12929,4770,0,1,0.46
100,2.38095238095238,10228,13,2.21273913148898,1293,83480,10264,7118,0,0,0,17485,3299,3.8,5.2,1089,0,16.1,628,435,163,138048,0,34358,1,149,317,79,82,0,0,0,0,12738,1,3,628,0,0,0.5,1.02929532858274,590,0,0,0,0,1,570,2,12877,12630,0,1,0.47
56,3.73333333333333,10128,11,3.19837878320631,1293,83443,10258,7122,0,0,0,17472,3289,3.8,5.2,1089,0,16.1,638,435,163,137981,0,34343,1,149,326,80,82,0,0,0,0,12815,1,3,638,0,0,0.5,0.759715380405036,598,0,2,0,30,3,570,2,12877,91350,0,1,0.64
226,8.69230769230769,10072,13,1.34534061483978,1294,83455,10271,7131,0,0,0,17486,3272,3.8,5.2,1090,0,16.1,630,435,165,137994,0,34331,1,149,328,82,70,0,0,0,0,12719,1,3,630,0,0,0.5,0.646532438478747,590,0,2,0,30,3,570,2,12872,89400,0,1,0.68
882,3.7531914893617,9846,49,0.241631436921508,1293,84136,10326,12055,0,0,0,17681,3328,3.8,8.7,1091,0,16.2,1204,703,262,138900,0,34740,1,384,463,311,45,0,0,0,0,21895,1,3,1204,0,0,0.9,1.42999714856002,1137,0,28,0,720,3,575,4,13086,70140,0,1,0.57
0,0,8964,0,0,0,0,0,0,0,0,0,0,0,0,0,0,0,0,0,0,0,0,0,0,0,0,0,0,0,0,0,0,0,0,0,0,0,0,0,0,0,0,0,0,0,0,0,0,0,0,0,0,0,0.00
117,3.65625,8964,15,1.61814320113852,1262,83527,10156,13119,0,0,0,17582,4182,4.8,9,1067,247,16.5,1049,750,292,138746,0,34750,1,382,476,174,16,0,0,0,0,21944,1,3,1049,0,0,0.9,0.859106529209622,986,0,30,0,745,3,495,2,13259,8730,0,0,0.64
50,3.33333333333333,8847,10,4.27070645554202,1262,83463,10150,13099,0,0,0,17565,4195,4.8,9.6,1067,247,16.5,1050,747,291,130204,0,34720,1,382,477,174,16,0,0,0,0,21899,1,3,1050,0,0,0.9,0.377041306436119,987,0,30,0,745,3,495,2,13245,41640,0,0,0.48
59,4.21428571428571,8797,8,3.22196900130503,1262,83426,10143,13099,0,0,0,17558,4198,4.8,9.6,1067,244,16.5,1047,747,291,130154,0,34706,1,382,475,173,16,0,0,0,0,21865,1,3,1047,0,0,0.9,0.33620336203362,984,0,30,0,745,3,495,2,13247,48780,0,0,0.55
18,9,8738,4,14.1093474426808,1262,83420,10143,13099,0,0,0,17553,4198,4.8,9.6,1067,244,16.5,1047,747,291,130146,0,34702,1,382,475,173,16,0,0,0,0,21865,1,3,1047,0,0,0.9,0.338493292053664,984,0,30,0,745,3,495,2,13244,48450,0,0,0.61
0,0,8720,0,0,0,0,0,0,0,0,0,0,0,0,0,0,0,0,0,0,0,0,0,0,0,0,0,0,0,0,0,0,0,0,0,0,0,0,0,0,0,0,0,0,0,0,0,0,0,0,0,0,0,0.00
121,1.21,3371,2,41.8004234683423,623,102312,4602,470,0,0,50.5,9395,5782,5.3,0.4,741,0,14.2,372,28,20,128317,0,19495,35,115,154,54,14,24738,55.1,7862,36.2,8853,1,850,372,0,0,0.3,0,365,0,6,0,65,3,30,5,5760,3150,0,1,0.28
85,0.634328358208955,3250,3,2.91047525482009,609,100572,4581,470,0,0,50.6,9382,5735,5.4,0.4,727,0,14.5,370,28,20,126100,0,19469,34,110,149,63,14,24687,55.2,7880,36.2,8780,1,848,370,0,0,0.3,9.28659286592866,353,0,5,0,60,3,360,2,5810,32520,0,1,0.51
132,1.40425531914894,3165,3,4.12397873168201,600,99482,4500,410,0,0,50.3,9242,5697,5.4,0.3,715,0,14.5,411,25,19,124675,0,19188,34,135,140,88,14,24334,54.9,7804,35.9,5957,1,843,411,0,0,0.2,0.0922722029988466,406,0,5,0,60,3,0,1,5797,26010,3,1,0.43
135,1.84931506849315,3033,2,7.13305898491084,591,102550,5230,410,0,0,0,10821,5877,5.4,0.3,737,0,16.4,490,25,19,127627,0,22556,38,135,203,95,19,27233,0,0,0,5356,1,1045,490,0,0,0.2,0.141342756183746,485,0,5,0,60,4,0,1,7359,42450,0,1,0.45
64,1.93939393939394,2898,2,26.3671875,583,101336,5128,476,0,0,45.7,10595,5856,5.5,0.4,727,0,16.2,1369,29,23,126154,0,22332,40,390,359,269,311,27100,48.6,7612,35.6,31696,1,673,1369,0,0,1,0.174978127734033,1362,0,4,0,40,4,90,2,7226,34290,0,1,0.62
37,0.493333333333333,2834,2,10.2264426588751,583,100403,5128,476,0,0,45.8,10595,5837,5.5,0.4,726,0,16.2,1149,29,23,125293,0,22332,40,214,325,259,311,27100,48.6,7612,35.8,15417,1,754,1149,0,0,0.5,2.77777777777778,1145,0,4,0,40,4,0,1,7226,720,0,1,0.51
159,3.53333333333333,2797,5,1.41238767334967,583,100191,5117,432,0,0,45,10554,5832,5.5,0.3,726,0,16.2,1134,27,21,125064,0,22222,40,207,318,259,310,26989,47.9,7562,34.8,14123,1,760,1134,0,0,0.5,0.324825013621694,1131,0,3,0,30,3,0,1,7133,238590,2,1,0.46
250,1.92307692307692,2638,4,0.777832402234637,618,102116,5280,568,0,0,42,10869,5849,5.4,0.4,753,0,15.9,811,32,25,127705,0,23308,41,200,314,237,19,28384,44.7,7912,32.2,12738,1,765,811,0,0,0.4,4.75145180023229,799,0,12,0,99,3,0,1,7411,86100,1,1,0.50
98,0.640522875816993,2388,1,100,621,100157,5240,443,0,0,41.9,10669,5815,5.5,0.4,758,0,15.5,938,23,20,125744,0,22674,43,348,289,242,16,27614,45,7996,31.5,8978,1,425,938,0,0,0.3,0,915,0,23,0,220,4,0,1,7017,1530,0,1,0.51
0,0,2290,0,0,0,0,0,0,0,0,0,0,0,0,0,0,0,0,0,0,0,0,0,0,0,0,0,0,0,0,0,0,0,0,0,0,0,0,0,0,0,0,0,0,0,0,0,0,0,0,0,0,0,0.00
45,0.115089514066496,719,3,8.59504132231405,1472,379572,10458,48646,0,4,0.8,19994,65427,14.7,9.5,2862,0,13.3,12053,729,238,511882,0,52796,157,4634,3946,3096,220,60234,0.7,1892,3.7,75013,1,0,12053,0,0,0.7,0,10974,0,451,0,6139,5,7983,5,16348,0,189,5,0.93
6,0.428571428571429,674,3,22.2222222222222,1472,379572,10458,48646,0,4,0.8,19994,65427,14.7,9.5,2861,0,13.3,11883,729,238,511790,0,52796,191,4607,3902,2978,205,60217,0.7,1892,3.7,73225,1,0,11883,0,0,0.6,0,10806,0,434,0,6219,5,8478,5,16348,0,163,1,0.66
17,0.186813186813187,668,5,11.0294117647059,1472,379572,10458,48646,0,4,0.8,19994,65427,14.7,9.5,2861,0,13.3,11883,729,238,511790,0,52796,191,4607,3902,2978,205,60217,0.7,1892,3.7,73225,1,0,11883,0,0,0.6,0,10806,0,434,0,6219,5,8478,5,16348,1530,174,1,0.41
4,0.173913043478261,651,2,37.5,1472,379577,10458,48646,0,4,0.8,19994,65428,14.7,9.5,2861,0,13.3,11598,729,238,511795,0,52796,179,4590,3580,3044,205,60217,0.7,1892,3.7,71589,1,0,11598,0,0,0.6,1.77148846960168,10455,0,432,0,6219,5,8838,5,16348,9540,90,1,0.50
15,1.875,647,7,8.61538461538462,1472,379578,10458,48646,0,4,0.8,19994,65428,14.7,9.5,2861,0,13.3,11575,729,238,511795,0,52797,165,4590,3565,3050,205,60216,0.7,1892,3.7,71479,1,0,11575,0,0,0.6,1.64556962025316,10447,0,421,0,6074,5,8778,5,16348,9480,90,1,0.40
0,0,632,0,0,0,0,0,0,0,0,0,0,0,0,0,0,0,0,0,0,0,0,0,0,0,0,0,0,0,0,0,0,0,0,0,0,0,0,0,0,0,0,0,0,0,0,0,0,0,0,0,0,0,0.00
1375,7.85714285714286,48781,30,0.22757072522836,8921,768905,78753,110835,0,188,26.7,134487,131178,14.6,8.2,8365,0,17.8,43995,4453,1051,1359155,0,273599,787,4404,13278,24800,726,331426,26.2,83020,28.3,371914,1,0,43995,0,0,1.6,0.946398659966499,40321,0,2765,0,21919,5,15942,5,84864,59700,370,5,0.24
745,3.94179894179894,47406,26,0.546748632259854,8760,753925,77215,106026,0,192,26.5,131795,130072,14.7,7.9,8265,0,17.6,56772,4323,1038,1337486,0,268167,760,4322,13009,24123,14558,324837,26.1,81226,28,360274,1,0,56772,0,0,1.6,0.802603036876356,53252,0,2721,0,20981,5,12882,5,83262,13830,369,5,0.29
1778,6.04761904761905,46661,29,0.232471361393098,8653,743145,75919,107810,0,191,26.2,129672,129400,14.8,8.2,8160,0,17.5,44437,4351,1027,1320642,0,264867,772,4289,12786,25862,728,320302,25.8,80079,27.8,375958,1,0,44437,0,0,1.7,0.606375606375606,40961,0,2657,0,20291,5,13115,5,82219,28860,286,1,0.28
828,5.83098591549296,44883,18,0.657707560068265,7799,626300,62368,60295,0,214,28.9,105626,111712,15.1,5.2,7726,0,15.1,39913,2810,973,1150350,0,218101,727,4107,11492,22892,695,265134,29.4,76824,27.4,329756,1,1,39913,0,0,1.8,0.609615827007131,36266,0,2600,0,18724,5,16530,5,66577,43470,405,1,0.30
0,0,44055,0,0,0,0,0,0,0,0,0,0,0,0,0,0,0,0,0,0,0,0,0,0,0,0,0,0,0,0,0,0,0,0,0,0,0,0,0,0,0,0,0,0,0,0,0,0,0,0,0,0,0,0.00
385,0.736137667304015,2082,32,0.41593421176747,476,234387,5827,56112,0,0,66.7,15600,13159,5.3,19.7,550,0,30.5,10411,1423,116,285342,0,52164,39,3258,4052,3001,61,42967,66.7,0,0,102992,1,0,10411,0,0,1.5,2.50926717992586,10334,0,77,0,1002,5,0,1,17017,35070,43,5,0.67
28,1.55555555555556,33494,5,9.3016599885518,611,96588,7513,135,0,0,84.6,16064,15350,13.7,0.1,1022,0,19.1,1863,6,3,138027,0,127098,0,1419,358,13,73,43721,84.8,160,28.1,24670,1,120,1851,12,0,0.9,0.938215102974828,1863,0,0,0,0,1,0,1,12295,26220,0,1,0.42
11,11,33466,2,29.7520661157025,611,96886,7552,135,0,0,84.4,16128,15410,13.7,0.1,1022,0,19.2,1867,6,3,138408,0,127191,0,1420,359,15,73,43860,84.6,160,28.1,24711,1,120,1855,12,0,0.9,1.06511740498669,1867,0,0,0,0,1,0,1,12304,41310,0,1,0.54
270,3.17647058823529,33455,9,1.87481119311004,611,96844,7544,135,0,0,84.5,16120,15400,13.7,0.1,1022,0,19.1,1869,6,3,138357,0,127180,0,1421,359,15,74,43838,84.7,160,28.1,24726,1,120,1857,12,0,0.9,0.787503227472244,1869,0,0,0,0,1,0,1,12304,38730,0,1,0.42
729,6.81308411214953,33185,7,1.80845812833367,596,95596,7450,204,0,0,83.8,16000,15016,13.6,0.1,1007,0,19.3,1929,11,7,136188,0,125644,0,1414,427,11,77,42888,83.9,110,22.7,25142,1,124,1917,12,0,0.9,0.709623078542851,1929,0,0,0,0,1,0,1,12272,47490,0,1,0.37
754,7.32038834951456,32456,12,0.538320359794058,566,92419,7087,236,0,0,82.2,15457,14345,13.4,0.2,973,0,19.4,2309,12,5,131258,0,105788,2,1465,743,11,88,41616,82.3,110,22.7,28692,1,128,2296,13,0,1,2.42528735632184,2309,0,0,0,0,1,0,1,12244,130500,0,1,0.43
17,17,31702,3,33.0882352941176,562,93134,7123,328,0,0,81.7,15701,14556,13.5,0.2,1000,0,19.3,2488,19,8,132784,0,103791,2,1624,754,13,95,41853,81.8,110,22.7,30898,1,131,2462,26,0,1.1,0.96061140505585,2488,0,0,0,0,1,0,1,12461,85050,0,1,0.35
1256,3.96214511041009,31685,18,0.188027518656417,562,93134,7123,328,0,0,81.7,15701,14556,13.5,0.2,1000,0,19.3,2488,19,8,132784,0,103791,2,1624,754,13,95,41853,81.8,110,22.7,30898,1,131,2462,26,0,1.1,0.96061140505585,2488,0,0,0,0,1,0,1,12461,85050,0,1,0.43
0,0,30429,0,0,0,0,0,0,0,0,0,0,0,0,0,0,0,0,0,0,0,0,0,0,0,0,0,0,0,0,0,0,0,0,0,0,0,0,0,0,0,0,0,0,0,0,0,0,0,0,0,0,0,0.00
0,0,4847,0,0,1114,164078,10530,5960,0,0,2.1,18505,15088,8.4,2.5,1689,0,12.6,4331,244,127,242817,0,39312,42,247,2687,1295,60,46475,1.7,6418,4.8,25705,1,7,4331,0,0,0.5,0.0793734415059881,2980,0,1299,0,4244,3,1290,5,11356,284730,22,5,0.00
0,0,4847,0,0,1114,164078,10530,5960,0,0,2.1,18505,15088,8.4,2.5,1689,0,12.6,4331,244,127,242817,0,39312,42,247,2687,1295,60,46475,1.7,6418,4.8,25705,1,7,4331,0,0,0.5,0.0793734415059881,2980,0,1299,0,4244,3,1290,5,11356,284730,22,5,0.00
0,0,4847,0,0,1114,164078,10530,5960,0,0,2.1,18505,15088,8.4,2.5,1689,0,12.6,4331,244,127,242817,0,39312,42,247,2687,1295,60,46475,1.7,6418,4.8,25705,1,7,4331,0,0,0.5,0.0793734415059881,2980,0,1299,0,4244,3,1290,5,11356,284730,22,5,0.00
0,0,4847,0,0,1114,164074,10530,5960,0,0,2.1,18505,15088,8.4,2.5,1689,0,12.6,4331,244,127,242812,0,39309,42,247,2687,1295,60,46473,1.7,6418,4.8,25705,1,7,4331,0,0,0.5,0.0794069076982538,2980,0,1299,0,4244,3,1290,5,11355,284610,22,5,0.00
2,0.5,4847,1,100,1114,164077,10531,5960,0,0,2.1,18506,15088,8.4,2.5,1689,0,12.6,4331,244,127,242816,0,39310,42,247,2687,1295,60,46474,1.7,6418,4.8,25705,1,7,4331,0,0,0.5,0.0794320258681288,2980,0,1299,0,4244,3,1290,5,11355,284520,22,5,0.50
6,1.5,4845,5,18.5185185185185,1113,163996,10525,5960,0,0,2.1,18494,15085,8.4,2.5,1688,0,12.6,4331,244,127,242698,0,39269,42,247,2687,1295,60,46451,1.7,6418,4.8,25703,1,7,4331,0,0,0.5,0.0794833581718828,2980,0,1299,0,4244,3,1290,5,11346,281820,22,5,0.66
3,0.428571428571429,4839,3,33.3333333333333,1113,163990,10525,5960,0,0,2.1,18494,15085,8.4,2.5,1688,0,12.6,4331,244,127,242688,0,39269,42,247,2687,1295,60,46451,1.7,6418,4.8,25703,1,7,4331,0,0,0.5,0.0795511044818524,2980,0,1299,0,4244,3,1290,5,11346,281580,22,5,0.66
0,0,4836,0,0,1113,163990,10525,5960,0,0,2.1,18494,15085,8.4,2.5,1688,0,12.6,4331,244,127,242688,0,39269,42,247,2687,1295,60,46451,1.7,6418,4.8,25703,1,7,4331,0,0,0.5,0.0795511044818524,2980,0,1299,0,4244,3,1290,5,11346,281580,22,5,0.00
1,0.142857142857143,4836,1,100,1113,163990,10525,5960,0,0,2.1,18494,15085,8.4,2.5,1688,0,12.6,4331,244,127,242688,0,39269,42,247,2687,1295,60,46451,1.7,6418,4.8,25703,1,7,4331,0,0,0.5,0.0795511044818524,2980,0,1299,0,4244,3,1290,5,11346,281580,22,5,1.00
0,0,4835,0,0,1113,163990,10525,5960,0,0,2.1,18494,15085,8.4,2.5,1688,0,12.6,4331,244,127,242688,0,39269,42,247,2687,1295,60,46451,1.7,6418,4.8,25703,1,7,4331,0,0,0.5,0.0795511044818524,2980,0,1299,0,4244,3,1290,5,11346,281580,22,5,0.00
2,0.5,4835,2,50,1113,163990,10525,5960,0,0,2.1,18494,15085,8.4,2.5,1688,0,12.6,4331,244,127,242688,0,39269,42,247,2687,1295,60,46451,1.7,6418,4.8,25703,1,7,4331,0,0,0.5,0.0795511044818524,2980,0,1299,0,4244,3,1290,5,11346,281580,22,5,1.00
0,0,4833,0,0,1113,163990,10525,5960,0,0,2.1,18494,15085,8.4,2.5,1688,0,12.6,4331,244,127,242688,0,39269,42,247,2687,1295,60,46451,1.7,6418,4.8,25703,1,7,4331,0,0,0.5,0.0795511044818524,2980,0,1299,0,4244,3,1290,5,11346,281580,22,5,0.00
0,0,4833,0,0,1113,163990,10525,5960,0,0,2.1,18494,15085,8.4,2.5,1688,0,12.6,4331,244,127,242688,0,39269,42,247,2687,1295,60,46451,1.7,6418,4.8,25703,1,7,4331,0,0,0.5,0.0795511044818524,2980,0,1299,0,4244,3,1290,5,11346,281580,22,5,0.00
0,0,4833,0,0,1113,163990,10525,5960,0,0,2.1,18494,15085,8.4,2.5,1688,0,12.6,4331,244,127,242688,0,39269,42,247,2687,1295,60,46451,1.7,6418,4.8,25703,1,7,4331,0,0,0.5,0.0795511044818524,2980,0,1299,0,4244,3,1290,5,11346,281580,22,5,0.00
0,0,4833,0,0,1113,163990,10525,5960,0,0,2.1,18494,15085,8.4,2.5,1688,0,12.6,4331,244,127,242688,0,39269,42,247,2687,1295,60,46451,1.7,6418,4.8,25703,1,7,4331,0,0,0.5,0.0795511044818524,2980,0,1299,0,4244,3,1290,5,11346,281580,22,5,0.00
3,0.75,4833,2,44.4444444444444,1113,163985,10525,5960,0,0,2.1,18493,15085,8.4,2.5,1688,0,12.6,4334,244,127,242681,0,39267,42,247,2687,1298,60,46449,1.7,6418,4.8,25700,1,7,4334,0,0,0.5,0.0767754318618042,2980,0,1302,0,4250,3,1290,5,11343,281340,22,5,1.00
3,1,4830,2,44.4444444444444,1113,163927,10524,5960,0,0,2.1,18475,15057,8.4,2.5,1688,0,12.6,4337,244,127,242587,0,39249,42,247,2690,1298,60,46415,1.7,6408,4.8,25715,1,7,4337,0,0,0.5,0.0776615251860641,2983,0,1302,0,4250,3,1290,5,11335,278130,22,5,0.66
4,1,4827,1,100,1113,163929,10524,5960,0,0,2.1,18475,15057,8.4,2.5,1688,0,12.6,4337,244,127,242589,0,39251,42,247,2690,1298,60,46417,1.7,6408,4.8,25715,1,7,4337,0,0,0.5,0.0776782824468659,2983,0,1302,0,4250,3,1290,5,11335,278070,22,5,0.50
2,0.285714285714286,4823,2,50,1113,163877,10524,5960,0,0,2.1,18476,15060,8.4,2.5,1688,0,12.6,4338,244,127,242537,0,39268,42,247,2691,1298,60,46401,1.7,6410,4.8,25720,1,7,4338,0,0,0.5,0.0801603206412826,2984,0,1302,0,4250,3,1290,5,11334,269460,22,5,0.00
1,0.333333333333333,4821,1,100,1113,163877,10524,5960,0,0,2.1,18476,15060,8.4,2.5,1688,0,12.6,4338,244,127,242537,0,39268,42,247,2691,1298,60,46401,1.7,6410,4.8,25720,1,7,4338,0,0,0.5,0.0801603206412826,2984,0,1302,0,4250,3,1290,5,11334,269460,22,5,0.00
2,0.5,4820,1,100,1113,163824,10522,5960,0,0,2.1,18469,15056,8.4,2.5,1688,0,12.6,4338,244,127,242472,0,39249,42,247,2691,1298,60,46372,1.7,6400,4.8,25720,1,7,4338,0,0,0.5,0.0807990124565144,2984,0,1302,0,4250,3,1290,5,11331,267330,22,5,0.50
1,0.333333333333333,4818,1,100,1113,163824,10522,5960,0,0,2.1,18469,15056,8.4,2.5,1688,0,12.6,4338,244,127,242472,0,39249,42,247,2691,1298,60,46372,1.7,6400,4.8,25720,1,7,4338,0,0,0.5,0.0807990124565144,2984,0,1302,0,4250,3,1290,5,11331,267330,22,5,0.00
1,0.25,4817,1,100,1113,163772,10520,5960,0,0,2.1,18458,15055,8.4,2.5,1688,0,12.6,4340,244,127,242418,0,39229,42,247,2691,1300,60,46353,1.7,6400,4.8,25750,1,7,4340,0,0,0.5,0.0819672131147541,2986,0,1302,0,4250,3,1290,5,11319,263520,22,5,1.00
1,1,4816,1,100,1113,163772,10520,5960,0,0,2.1,18458,15055,8.4,2.5,1688,0,12.6,4340,244,127,242418,0,39229,42,247,2691,1300,60,46353,1.7,6400,4.8,25750,1,7,4340,0,0,0.5,0.0819672131147541,2986,0,1302,0,4250,3,1290,5,11319,263520,22,5,0.00
2,2,4815,2,50,1113,163772,10520,5960,0,0,2.1,18458,15055,8.4,2.5,1688,0,12.6,4340,244,127,242418,0,39229,42,247,2691,1300,60,46353,1.7,6400,4.8,25750,1,7,4340,0,0,0.5,0.0819672131147541,2986,0,1302,0,4250,3,1290,5,11319,263520,22,5,0.50
0,0,4813,0,0,1113,163774,10520,5960,0,0,2.1,18458,15055,8.4,2.5,1688,0,12.6,4342,244,127,242420,0,39229,42,249,2691,1300,60,46355,1.7,6400,4.8,25760,1,7,4342,0,0,0.5,0.0820419325432999,2988,0,1302,0,4250,3,1290,5,11319,263280,22,5,0.00
1,0.25,4813,1,100,1111,163405,10502,5960,0,0,2.1,18397,15023,8.4,2.5,1685,0,12.6,4342,244,127,241896,0,39115,42,249,2691,1300,60,46219,1.7,6380,4.8,25759,1,7,4342,0,0,0.5,0.0856744371388723,2988,0,1302,0,4250,3,1290,5,11283,250950,22,5,1.00
3,1,4812,2,44.4444444444444,1111,163398,10502,5960,0,0,2.1,18397,15023,8.4,2.5,1685,0,12.6,4345,244,127,241889,0,39112,42,249,2691,1303,60,46216,1.7,6382,4.8,25759,1,7,4345,0,0,0.5,0.0863245804223882,2988,0,1305,0,4259,3,1290,5,11283,249060,22,5,0.66
1,0.25,4809,1,100,1111,163398,10502,5960,0,0,2.1,18397,15023,8.4,2.5,1685,0,12.6,4345,244,127,241889,0,39112,42,249,2691,1303,60,46216,1.7,6382,4.8,25759,1,7,4345,0,0,0.5,0.0863245804223882,2988,0,1305,0,4259,3,1290,5,11283,249060,22,5,1.00
2,2,4808,2,50,1111,163151,10486,5960,0,0,2.1,18359,15023,8.4,2.5,1684,0,12.6,4349,244,127,241568,0,39020,42,249,2693,1305,60,46113,1.7,6376,4.8,25752,1,7,4349,0,0,0.5,0.0870912364443328,2988,0,1309,0,4269,3,1290,5,11237,238830,22,5,0.50
2,2,4806,1,100,1111,163151,10486,5960,0,0,2.1,18359,15023,8.4,2.5,1684,0,12.6,4349,244,127,241568,0,39020,42,249,2693,1305,60,46113,1.7,6376,4.8,25752,1,7,4349,0,0,0.5,0.0870912364443328,2988,0,1309,0,4269,3,1290,5,11237,238830,22,5,0.00
0,0,4804,0,0,1111,163101,10486,5960,0,0,2.1,18337,15022,8.4,2.5,1684,0,12.6,4349,244,127,241516,0,38994,42,249,2693,1305,60,46070,1.7,6376,4.8,25752,1,7,4349,0,0,0.5,0.0877415000421834,2988,0,1309,0,4269,3,1290,5,11232,237060,22,5,0.00
4,1,4804,3,30,1111,163101,10486,5960,0,0,2.1,18337,15022,8.4,2.5,1684,0,12.6,4349,244,127,241516,0,38994,42,249,2693,1305,60,46070,1.7,6376,4.8,25752,1,7,4349,0,0,0.5,0.0877415000421834,2988,0,1309,0,4269,3,1290,5,11232,237060,22,5,0.75
2,0.666666666666667,4800,2,50,1110,163026,10483,5960,0,0,2.1,18327,15020,8.4,2.5,1683,0,12.6,4349,244,127,241406,0,38964,42,249,2693,1305,60,46034,1.7,6376,4.8,25752,1,7,4349,0,0,0.5,0.0887296305775958,2988,0,1309,0,4269,3,1290,5,11228,234420,22,5,0.00
0,0,4798,0,0,1110,163026,10483,5960,0,0,2.1,18327,15020,8.4,2.5,1683,0,12.6,4349,244,127,241406,0,38964,42,249,2693,1305,60,46034,1.7,6376,4.8,25752,1,7,4349,0,0,0.5,0.0887296305775958,2988,0,1309,0,4269,3,1290,5,11228,234420,22,5,0.00
2,1,4798,2,50,1110,163026,10483,5960,0,0,2.1,18327,15020,8.4,2.5,1683,0,12.6,4352,244,127,241406,0,38964,42,249,2693,1308,60,46034,1.7,6376,4.8,25746,1,7,4352,0,0,0.5,0.0887296305775958,2991,0,1309,0,4269,3,1290,5,11228,234420,22,5,1.00
2,1,4796,2,50,1110,163026,10483,5960,0,0,2.1,18327,15020,8.4,2.5,1683,0,12.6,4352,244,127,241406,0,38964,42,249,2693,1308,60,46034,1.7,6376,4.8,25746,1,7,4352,0,0,0.5,0.0887296305775958,2991,0,1309,0,4269,3,1290,5,11228,234420,22,5,0.50
0,0,4794,0,0,1110,163026,10483,5960,0,0,2.1,18327,15020,8.4,2.5,1683,0,12.6,4352,244,127,241406,0,38964,42,249,2693,1308,60,46034,1.7,6376,4.8,25746,1,7,4352,0,0,0.5,0.0887296305775958,2991,0,1309,0,4269,3,1290,5,11228,234420,22,5,0.00
0,0,4794,0,0,1110,163026,10483,5960,0,0,2.1,18327,15020,8.4,2.5,1683,0,12.6,4352,244,127,241406,0,38964,42,249,2693,1308,60,46034,1.7,6376,4.8,25746,1,7,4352,0,0,0.5,0.0887296305775958,2991,0,1309,0,4269,3,1290,5,11228,234420,22,5,0.00
0,0,4794,0,0,1110,163026,10483,5960,0,0,2.1,18327,15020,8.4,2.5,1683,0,12.6,4352,244,127,241406,0,38964,42,249,2693,1308,60,46034,1.7,6376,4.8,25746,1,7,4352,0,0,0.5,0.0887296305775958,2991,0,1309,0,4269,3,1290,5,11228,234420,22,5,0.00
0,0,4794,0,0,1110,163026,10483,5960,0,0,2.1,18327,15020,8.4,2.5,1683,0,12.6,4352,244,127,241406,0,38964,42,249,2693,1308,60,46034,1.7,6376,4.8,25746,1,7,4352,0,0,0.5,0.0887296305775958,2991,0,1309,0,4269,3,1290,5,11228,234420,22,5,0.00
2,0.666666666666667,4794,2,50,1110,163026,10483,5960,0,0,2.1,18327,15020,8.4,2.5,1683,0,12.6,4352,244,127,241406,0,38964,42,249,2693,1308,60,46034,1.7,6376,4.8,25746,1,7,4352,0,0,0.5,0.0887296305775958,2991,0,1309,0,4269,3,1290,5,11228,234420,22,5,0.50
1,0.2,4792,1,100,1110,163026,10483,5960,0,0,2.1,18327,15020,8.4,2.5,1683,0,12.6,4352,244,127,241406,0,38964,42,249,2693,1308,60,46034,1.7,6376,4.8,25746,1,7,4352,0,0,0.5,0.0887296305775958,2991,0,1309,0,4269,3,1290,5,11228,234420,22,5,0.00
1,0.5,4791,1,100,1110,163026,10483,5960,0,0,2.1,18327,15020,8.4,2.5,1683,0,12.6,4352,244,127,241406,0,38964,42,249,2693,1308,60,46034,1.7,6376,4.8,25746,1,7,4352,0,0,0.5,0.0887523468168629,2991,0,1309,0,4269,3,1290,5,11228,234360,22,5,0.00
0,0,4790,0,0,1110,163026,10483,5960,0,0,2.1,18327,15020,8.4,2.5,1683,0,12.6,4352,244,127,241406,0,38964,42,249,2693,1308,60,46034,1.7,6376,4.8,25746,1,7,4352,0,0,0.5,0.0887523468168629,2991,0,1309,0,4269,3,1290,5,11228,234360,22,5,0.00
0,0,4790,0,0,1110,163026,10483,5960,0,0,2.1,18327,15020,8.4,2.5,1683,0,12.6,4352,244,127,241406,0,38964,42,249,2693,1308,60,46034,1.7,6376,4.8,25746,1,7,4352,0,0,0.5,0.0887523468168629,2991,0,1309,0,4269,3,1290,5,11228,234360,22,5,0.00
0,0,4790,0,0,1110,163026,10483,5960,0,0,2.1,18327,15020,8.4,2.5,1683,0,12.6,4355,244,127,241406,0,38964,44,249,2694,1308,60,46034,1.7,6376,4.8,26016,1,5,4355,0,0,0.5,0.203959720088752,2992,0,1309,0,4269,3,1350,5,11228,234360,22,5,0.00
6,1,4790,4,22.2222222222222,1108,162964,10478,6008,0,0,2.1,18314,15017,8.4,2.5,1681,0,12.6,4357,249,128,241297,0,38939,42,250,2696,1309,60,46006,1.7,6362,4.8,25839,1,5,4357,0,0,0.5,0.0898332901442515,2996,0,1309,0,4269,3,1290,5,11213,231540,21,5,0.83
0,0,4784,0,0,1108,162974,10482,6008,0,0,2.1,18323,15018,8.4,2.5,1681,0,12.6,4363,249,128,241310,0,38942,42,253,2697,1311,60,46008,1.7,6368,4.8,25890,1,5,4363,0,0,0.5,0.0907266858588502,3002,0,1309,0,4269,3,1290,5,11215,229260,22,5,0.00
0,0,4784,0,0,1108,162974,10482,6008,0,0,2.1,18323,15018,8.4,2.5,1681,0,12.6,4364,249,128,241310,0,38942,42,254,2698,1310,60,46008,1.7,6368,4.8,25900,1,5,4364,0,0,0.5,0.0907266858588502,3003,0,1309,0,4269,3,1290,5,11215,229260,21,5,0.00
3,0.6,4784,2,44.4444444444444,1108,162978,10482,6008,0,0,0,18326,15018,8.4,2.5,1681,0,12.6,4364,249,128,241314,0,38951,42,254,2698,1310,60,46468,0,0,0,25900,1,5,4364,0,0,0.5,0.0908455625436757,3003,0,1309,0,4269,3,1290,5,11221,228960,21,5,1.00
0,0,4781,0,0,1108,162978,10482,6008,0,0,0,18326,15018,8.4,2.5,1681,0,12.6,4364,249,128,241314,0,38951,42,254,2698,1310,60,46468,0,0,0,25900,1,5,4364,0,0,0.5,0.0908455625436757,3003,0,1309,0,4269,3,1290,5,11221,228960,21,5,0.00
0,0,4781,0,0,1108,162978,10482,6008,0,0,0,18326,15018,8.4,2.5,1681,0,12.6,4368,249,128,241314,0,38951,42,254,2698,1314,60,46468,0,0,0,25940,1,5,4368,0,0,0.5,0.0908455625436757,3007,0,1309,0,4269,3,1290,5,11221,228960,21,5,0.00
0,0,4781,0,0,1108,162978,10482,6008,0,0,0,18326,15018,8.4,2.5,1681,0,12.6,4368,249,128,241314,0,38951,42,254,2698,1314,60,46468,0,0,0,25940,1,5,4368,0,0,0.5,0.0908455625436757,3007,0,1309,0,4269,3,1290,5,11221,228960,21,5,0.00
1,1,4781,1,100,1108,162978,10482,6008,0,0,0,18326,15018,8.4,2.5,1681,0,12.6,4368,249,128,241314,0,38951,42,254,2698,1314,60,46468,0,0,0,25940,1,5,4368,0,0,0.5,0.0908455625436757,3007,0,1309,0,4269,3,1290,5,11221,228960,21,5,1.00
3,0.5,4780,2,44.4444444444444,1108,162978,10482,6008,0,0,0,18326,15018,8.4,2.5,1681,0,12.6,4368,249,128,241314,0,38951,42,254,2698,1314,60,46468,0,0,0,25940,1,5,4368,0,0,0.5,0.0908574673480977,3007,0,1309,0,4269,3,1290,5,11221,228930,21,5,1.00
2,2,4777,1,100,1108,162975,10482,6008,0,0,0,18325,15017,8.4,2.5,1681,0,12.6,4368,249,128,241309,0,38949,42,254,2698,1314,60,46466,0,0,0,25940,1,5,4368,0,0,0.5,0.0909886264216973,3007,0,1309,0,4269,3,1290,5,11219,228600,21,5,0.50
0,0,4775,0,0,1108,162975,10482,6008,0,0,0,18325,15017,8.4,2.5,1681,0,12.6,4368,249,128,241309,0,38949,42,254,2698,1314,60,46466,0,0,0,25940,1,5,4368,0,0,0.5,0.0909886264216973,3007,0,1309,0,4269,3,1290,5,11219,228600,21,5,0.00
0,0,4775,0,0,1108,162975,10482,6008,0,0,0,18325,15017,8.4,2.5,1681,0,12.6,4368,249,128,241309,0,38949,42,254,2698,1314,60,46466,0,0,0,25940,1,5,4368,0,0,0.5,0.0909886264216973,3007,0,1309,0,4269,3,1290,5,11219,228600,21,5,0.00
0,0,4775,0,0,1108,162975,10482,6008,0,0,0,18325,15017,8.4,2.5,1681,0,12.6,4368,249,128,241309,0,38949,42,254,2698,1314,60,46466,0,0,0,25940,1,5,4368,0,0,0.5,0.0909886264216973,3007,0,1309,0,4269,3,1290,5,11219,228600,21,5,0.00
3,1.5,4775,2,44.4444444444444,1108,162948,10482,6008,0,0,0,18325,15017,8.4,2.5,1680,0,12.6,4368,249,128,241281,0,38949,42,254,2698,1314,60,46466,0,0,0,25940,1,5,4368,0,0,0.5,0.0913603021917688,3007,0,1309,0,4269,3,1290,5,11219,227670,21,5,1.00
0,0,4772,0,0,1104,162802,10478,6045,0,0,0,18346,15115,8.5,2.5,1676,0,12.6,4461,253,131,241212,0,38989,42,265,2714,1365,75,46441,0,0,0,26939,1,5,4461,0,0,0.6,0.106633856249359,3099,0,1310,0,4269,3,1290,5,11258,195060,24,5,0.00
3,3,4772,3,33.3333333333333,1104,162792,10478,6045,0,0,0,18343,15115,8.5,2.5,1676,0,12.6,4464,253,131,241202,0,38982,42,265,2717,1365,75,46434,0,0,0,26939,1,5,4464,0,0,0.6,0.106798110494968,3099,0,1313,0,4314,3,1290,5,11249,194760,24,5,0.33
2,0.5,4769,2,50,1104,162792,10478,6045,0,0,0,18343,15115,8.5,2.5,1676,0,12.6,4461,253,131,241202,0,38982,42,265,2714,1365,75,46434,0,0,0,26939,1,5,4461,0,0,0.6,0.106798110494968,3099,0,1310,0,4269,3,1290,5,11249,194760,21,5,0.00
1,0.25,4767,1,100,1104,162792,10478,6045,0,0,0,18343,15115,8.5,2.5,1676,0,12.6,4461,253,131,241202,0,38982,42,265,2714,1365,75,46434,0,0,0,26939,1,5,4461,0,0,0.6,0.106798110494968,3099,0,1310,0,4269,3,1290,5,11249,194760,21,5,0.00
2,0.666666666666667,4766,2,50,1104,162792,10478,6045,0,0,0,18343,15115,8.5,2.5,1676,0,12.6,4461,253,131,241202,0,38982,42,265,2714,1365,75,46434,0,0,0,26939,1,5,4461,0,0,0.6,0.106798110494968,3099,0,1310,0,4269,3,1290,5,11249,194760,21,5,0.00
3,0.75,4764,3,33.3333333333333,1103,162733,10471,6045,0,0,0,18331,15131,8.5,2.5,1675,0,12.6,4461,253,131,241092,0,38968,42,265,2714,1365,75,46413,0,0,0,26939,1,5,4461,0,0,0.6,0.108181203515889,3099,0,1310,0,4269,3,1290,5,11244,192270,21,5,0.66
1,0.333333333333333,4761,1,100,1103,162733,10471,6045,0,0,0,18331,15131,8.5,2.5,1675,0,12.6,4461,253,131,241092,0,38968,42,265,2714,1365,75,46413,0,0,0,26939,1,5,4461,0,0,0.6,0.108181203515889,3099,0,1310,0,4269,3,1290,5,11244,192270,21,5,0.00
7,0.538461538461538,4760,4,17.5824175824176,1103,162733,10471,6045,0,0,0,18331,15131,8.5,2.5,1675,0,12.6,4461,253,131,241092,0,38968,42,265,2714,1365,75,46413,0,0,0,26939,1,5,4461,0,0,0.6,0.108181203515889,3099,0,1310,0,4269,3,1290,5,11244,192270,21,5,0.42
1,0.125,4753,1,100,1100,162492,10430,6045,0,0,0,18296,15134,8.5,2.5,1675,0,12.6,4507,253,131,240809,0,38886,42,269,2749,1373,74,46322,0,0,0,27139,1,5,4507,0,0,0.6,0.156444143228284,3126,0,1326,0,4314,3,1350,5,11268,177060,21,5,0.00
0,0,4752,0,0,1100,162492,10430,6045,0,0,0,18296,15134,8.5,2.5,1675,0,12.6,4507,253,131,240809,0,38886,42,269,2749,1373,74,46322,0,0,0,27139,1,5,4507,0,0,0.6,0.156444143228284,3126,0,1326,0,4314,3,1350,5,11268,177060,21,5,0.00
2,1,4752,1,100,1100,162492,10430,6045,0,0,0,18296,15134,8.5,2.5,1675,0,12.6,4507,253,131,240809,0,38886,42,269,2749,1373,74,46322,0,0,0,27139,1,5,4507,0,0,0.6,0.156444143228284,3126,0,1326,0,4314,3,1350,5,11268,177060,21,5,1.00
1,1,4750,1,100,1100,162474,10431,6045,0,0,0,18301,15138,8.5,2.5,1675,0,12.6,4559,253,131,240787,0,38890,43,278,2763,1401,74,46322,0,0,0,27579,1,5,4559,0,0,0.6,0.206453851492019,3166,0,1337,0,4418,3,1380,5,11274,172920,21,5,0.00
1,0.25,4749,1,100,1100,162474,10431,6045,0,0,0,18301,15138,8.5,2.5,1675,0,12.6,4559,253,131,240771,0,38890,43,278,2763,1401,74,46322,0,0,0,27579,1,5,4559,0,0,0.6,0.207317073170732,3166,0,1337,0,4418,3,1380,5,11274,172200,21,5,1.00
11,0.34375,4748,3,27.2727272727273,784,108170,4872,6015,0,0,0,8385,7845,6.8,2.5,1675,0,5.8,3885,251,130,240899,0,13986,12,171,2638,1029,35,15149,0,0,0,20248,1,5,3885,0,0,0.6,0,2536,0,1342,0,4378,3,110,2,3607,62640,5,5,0.18
0,0,4737,0,0,784,108170,4872,6015,0,0,0,8385,7845,6.8,2.5,1675,0,5.8,3885,251,130,240899,0,13986,12,171,2638,1029,35,15149,0,0,0,20248,1,5,3885,0,0,0.6,0,2536,0,1342,0,4378,3,110,2,3607,62640,5,5,0.00
1,0.333333333333333,4737,1,100,784,108170,4872,6015,0,0,0,8385,7845,6.8,2.5,1675,0,5.8,3885,251,130,240899,0,13986,12,171,2638,1029,35,15149,0,0,0,20248,1,5,3885,0,0,0.6,0,2536,0,1342,0,4378,3,110,2,3607,62640,5,5,1.00
3,0.214285714285714,4736,2,44.4444444444444,783,108122,4863,6015,0,0,0,8376,7845,6.8,2.5,1674,0,5.8,3897,251,130,240759,0,13974,12,171,2646,1033,35,15137,0,0,0,20272,1,8,3897,0,0,0.6,0,2544,0,1346,0,4390,3,110,2,3607,61080,5,5,1.00
1,0.333333333333333,4733,1,100,783,108122,4863,6015,0,0,0,8376,7845,6.8,2.5,1674,0,5.8,3897,251,130,240759,0,13974,12,171,2646,1033,35,15137,0,0,0,20272,1,8,3897,0,0,0.6,0,2544,0,1346,0,4390,3,110,2,3607,61080,5,5,1.00
1,1,4732,1,100,783,108122,4863,6015,0,0,0,8376,7845,6.8,2.5,1674,0,5.8,3897,251,130,240759,0,13974,12,171,2646,1033,35,15137,0,0,0,20272,1,8,3897,0,0,0.6,0,2544,0,1346,0,4390,3,110,2,3607,61080,5,5,1.00
1,1,4731,1,100,783,108116,4863,6015,0,0,0,8376,7845,6.8,2.5,1674,0,5.8,3938,251,130,240753,0,13974,53,171,2646,1033,35,15137,0,0,0,20272,1,8,3938,0,0,0.6,0,2544,0,1346,0,4390,3,1340,5,3607,60450,5,5,1.00
3,0.1875,4730,3,33.3333333333333,783,108116,4863,6015,0,0,0,8376,7845,6.8,2.5,1674,0,5.8,3905,251,130,240729,0,13974,12,171,2646,1033,43,15137,0,0,0,20288,1,8,3905,0,0,0.6,0.0554235946159937,2552,0,1346,0,4390,3,110,2,3607,138930,5,1,0.66
3,0.75,4727,2,44.4444444444444,783,108116,4863,6015,0,0,0,8376,7845,6.8,2.5,1674,0,5.8,3905,251,130,240729,0,13974,12,171,2646,1033,43,15137,0,0,0,20288,1,8,3905,0,0,0.6,0.0554235946159937,2552,0,1346,0,4390,3,110,2,3607,138930,5,1,1.00
0,0,4724,0,0,783,108116,4863,6015,0,0,0,8376,7845,6.8,2.5,1674,0,5.8,3905,251,130,240729,0,13974,12,171,2646,1033,43,15137,0,0,0,20288,1,8,3905,0,0,0.6,0.0554235946159937,2552,0,1346,0,4390,3,110,2,3607,138930,5,1,0.00
8,0.666666666666667,4724,3,17.3076923076923,784,108329,4910,6112,0,0,0,8420,7893,6.8,2.5,1674,0,5.8,3915,262,130,240813,0,14034,12,177,2649,1034,43,15247,0,0,0,20445,1,8,3915,0,0,0.6,0.0583200787699765,2559,0,1349,0,4410,3,110,2,3604,132030,1,1,0.37
2,0.666666666666667,4716,1,100,783,108284,4901,6118,0,0,0,8409,7881,6.8,2.5,1673,0,5.8,3918,262,130,240688,0,14020,12,177,2652,1034,43,15227,0,0,0,20450,1,8,3918,0,0,0.6,0.0597872505629319,2560,0,1351,0,4410,3,110,2,3604,128790,1,1,1.00
4,0.8,4714,3,30,781,108336,4891,6118,0,0,0,8400,7874,6.8,2.5,1670,0,5.8,3933,262,130,240535,0,14014,12,180,2659,1039,43,15209,0,0,0,20536,1,8,3933,0,0,0.6,0.0622222222222222,2571,0,1355,0,4420,3,110,2,3609,123750,1,1,0.75
3,3,4710,2,44.4444444444444,781,108336,4891,6118,0,0,0,8400,7874,6.8,2.5,1670,0,5.8,3933,262,130,240535,0,14014,12,180,2659,1039,43,15209,0,0,0,20536,1,8,3933,0,0,0.6,0.0622222222222222,2571,0,1355,0,4420,3,110,2,3609,123750,1,1,0.66
1,0.125,4707,1,100,781,108336,4891,6118,0,0,0,8400,7874,6.8,2.5,1670,0,5.8,3921,262,130,240535,0,14014,12,180,2647,1039,43,15209,0,0,0,20416,1,8,3921,0,0,0.6,0.0622222222222222,2559,0,1355,0,4420,3,110,2,3609,123750,1,1,0.00
1,0.25,4706,1,100,781,108336,4891,6118,0,0,0,8400,7874,6.8,2.5,1670,0,5.8,3921,262,130,240535,0,14014,12,180,2647,1039,43,15209,0,0,0,20416,1,8,3921,0,0,0.6,0.0622222222222222,2559,0,1355,0,4420,3,110,2,3609,123750,1,1,0.00
1,0.5,4705,1,100,781,108336,4891,6118,0,0,0,8400,7874,6.8,2.5,1670,0,5.8,3921,262,130,240535,0,14014,12,180,2647,1039,43,15209,0,0,0,20416,1,8,3921,0,0,0.6,0.0622222222222222,2559,0,1355,0,4420,3,110,2,3609,123750,1,1,1.00
4,0.666666666666667,4704,4,25,781,108346,4891,6118,0,0,0,8400,7874,6.8,2.5,1670,0,5.8,3924,262,130,240543,0,14014,12,180,2650,1039,43,15209,0,0,0,20416,1,8,3924,0,0,0.6,0.0626933724149161,2559,0,1358,0,4420,3,110,2,3609,122820,1,1,0.50
4,0.666666666666667,4700,1,100,1095,162411,10387,6118,0,0,0,18206,15108,8.5,2.5,1671,0,12.6,4735,262,130,240502,0,38856,19,365,2771,1506,74,46378,0,0,0,30011,1,11,4735,0,0,0.6,0.0304492113996373,3347,0,1358,0,4420,3,610,5,11248,292290,18,1,0.50
2,0.285714285714286,4696,2,50,1095,162411,10387,6118,0,0,0,18206,15108,8.5,2.5,1671,0,12.6,4738,262,130,240502,0,38856,19,367,2772,1506,74,46378,0,0,0,30036,1,11,4738,0,0,0.6,0.0304492113996373,3350,0,1358,0,4420,3,610,5,11248,292290,18,1,0.50
0,0,4694,0,0,1095,162411,10387,6118,0,0,0,18206,15108,8.5,2.5,1671,0,12.6,4738,262,130,240502,0,38856,19,367,2772,1506,74,46378,0,0,0,30036,1,11,4738,0,0,0.6,0.0304492113996373,3350,0,1358,0,4420,3,610,5,11248,292290,18,1,0.00
5,1.25,4694,4,22.8571428571429,1082,160139,10180,6052,0,0,0,17799,14814,8.5,2.6,1661,0,12.4,4786,257,128,237266,0,38130,19,379,2780,1534,74,45446,0,0,0,30882,1,9,4786,0,0,0.6,0.0689338235294118,3392,0,1364,0,4421,3,610,5,11048,195840,18,1,0.20
1,0.333333333333333,4689,1,100,1082,160139,10180,6052,0,0,0,17799,14814,8.5,2.6,1661,0,12.4,4786,257,128,237266,0,38130,19,379,2780,1534,74,45446,0,0,0,30882,1,9,4786,0,0,0.6,0.0689338235294118,3392,0,1364,0,4421,3,610,5,11048,195840,18,1,0.00
5,1.25,4688,2,48,1082,160139,10180,6052,0,0,0,17799,14814,8.5,2.6,1661,0,12.4,4786,257,128,237266,0,38130,19,379,2780,1534,74,45446,0,0,0,30882,1,9,4786,0,0,0.6,0.0689338235294118,3392,0,1364,0,4421,3,610,5,11048,195840,18,1,0.40
4,1.33333333333333,4683,3,30,1082,160149,10182,6052,0,0,0,17799,14822,8.5,2.6,1661,0,12.4,4812,257,128,237291,0,38126,19,399,2784,1536,74,45463,0,0,0,31072,1,9,4812,0,0,0.6,0.0702576112412178,3416,0,1366,0,4421,3,610,5,11047,192150,18,1,0.50
6,1.5,4679,2,50,1082,160149,10182,6052,0,0,0,17799,14822,8.5,2.6,1661,0,12.4,4812,257,128,237291,0,38126,19,399,2784,1536,74,45463,0,0,0,31072,1,9,4812,0,0,0.6,0.0702576112412178,3416,0,1366,0,4421,3,610,5,11047,192150,18,1,0.00
2,2,4673,2,50,1082,160149,10182,6052,0,0,0,17799,14822,8.5,2.6,1661,0,12.4,4762,257,128,237291,0,38126,19,398,2790,1537,18,45424,0,0,0,31025,1,9,4762,0,0,0.6,0.0702576112412178,3365,0,1367,0,4436,3,610,5,11047,192150,24,1,0.00
0,0,4671,0,0,0,0,0,0,0,0,0,0,0,0,0,0,0,0,0,0,0,0,0,0,0,0,0,0,0,0,0,0,0,0,0,0,0,0,0,0,0,0,0,0,0,0,0,0,0,0,0,0,0,0.00
2,0.5,31323,2,50,4643,312921,32525,3161,0,0,89.3,49487,16864,5.1,0.6,5178,0,9.8,5014,144,113,498793,0,83596,140,209,2258,1861,546,92664,91.1,22953,82.1,44049,1,106,4202,21,791,0.5,0,4992,0,22,0,150,3,0,1,20551,90,35,3,0.50
257,3.29487179487179,31321,25,0.90425719322459,4643,312921,32525,3161,0,0,89.3,49487,16864,5.1,0.6,5178,0,9.8,5033,144,113,498793,0,83596,141,209,2273,1864,546,92664,91.1,22953,82.1,44231,1,106,4221,21,791,0.5,0.13626141023945,5009,0,24,0,180,3,0,1,20551,680310,38,3,0.30
192,3.09677419354839,31064,24,1.2410178173533,5054,311126,32486,4296,0,0,89.5,48781,16285,5,0.9,5457,0,9.1,5747,213,164,500083,0,83637,140,228,2675,2066,638,97644,91.3,23192,82,50617,1,104,4743,23,981,0.5,0.370254484772632,5724,0,23,0,155,3,0,1,19748,95880,63,5,0.37
148,4.11111111111111,30872,23,1.66940245526923,5034,309414,32319,4264,0,0,89.3,48447,16291,5,0.9,5444,0,9.1,5287,213,164,497936,0,83157,140,215,2221,2072,639,97119,91.1,23071,81.7,42114,1,107,4275,23,989,0.5,0.303792164257281,5252,0,35,0,215,3,0,1,19600,47730,77,5,0.34
147,3.675,30724,25,1.38164255752301,5019,307833,32237,4241,0,0,89.2,48274,16257,5,0.9,5413,0,9.1,5284,211,163,495529,0,82908,140,214,2207,2080,643,96816,91,22983,81.6,42054,1,105,4271,23,990,0.5,0.222949797318366,5251,0,33,0,195,3,0,1,19514,128280,77,5,0.21
249,3.66176470588235,30577,23,1.10763627410916,5007,305764,32121,4446,0,0,89.2,48048,16308,5.1,0.9,5381,0,9.1,5317,217,167,492605,0,82462,140,218,2243,2074,642,96333,91,22810,81.6,41982,1,106,4305,22,990,0.5,0.210196611192875,5287,0,30,0,150,3,0,1,19403,264990,75,5,0.32
190,2.87878787878788,30328,26,1.21499853445774,4969,305212,32257,4402,0,0,88.6,48141,16422,5.1,0.9,5284,0,9.3,5958,215,163,490091,0,82212,142,258,2445,2475,638,95471,90.3,22612,81.4,50633,1,99,4947,4,1007,0.6,0.193459852060113,5854,0,97,0,605,4,15,4,19404,298770,67,5,0.30
207,2.27472527472527,30138,27,0.939116368364277,4925,302197,31971,4575,0,0,89.2,47716,16381,5.1,0.9,5221,0,9.3,6127,221,169,485389,0,81894,165,225,2455,2643,639,95489,91,22650,81.6,50420,1,116,5104,4,1019,0.6,0.160775807069031,6024,0,96,0,590,4,15,4,19272,235110,76,1,0.33
192,2.90909090909091,29931,24,1.1432320935136,4880,300742,31878,4959,0,0,89,47622,16287,5.1,1,5179,0,9.4,6089,226,180,482433,0,81097,168,135,2372,2774,640,93916,90.8,22355,81.5,43090,1,123,5066,4,1019,0.5,0.33567580229562,5989,0,93,0,545,4,15,4,19226,426900,93,1,0.37
226,3.64516129032258,29739,31,0.841397823375174,4566,296140,31448,4205,0,0,88.7,47273,16142,5.2,0.9,4862,0,9.9,4384,178,143,469784,0,80041,166,114,2161,1296,647,90699,90.5,22188,81.6,41387,1,118,3352,4,1028,0.5,0.637431104720824,4326,0,51,0,375,3,15,4,19385,125190,108,1,0.38
234,3.29577464788732,29513,23,0.950412715833402,4060,206022,23948,3067,0,0,88.6,33049,15676,7.1,0.7,4868,0,9.2,3029,132,97,469205,0,65261,164,99,1128,937,701,90222,90.4,22135,81.5,32155,1,112,1923,4,1102,0.5,0.282227307398932,2971,0,51,0,375,3,15,4,12092,13110,104,1,0.36
220,3.49206349206349,29279,22,1.19789827912359,4536,291533,30992,4210,0,0,88.2,46517,16085,5.2,0.9,4772,0,9.9,3332,178,143,462831,0,78655,164,97,1236,1137,698,88676,89.9,22017,81.2,33868,1,118,2210,4,1118,0.4,0,3280,0,52,0,380,3,0,1,19161,780,106,1,0.31
5,5,29059,2,48,4524,289786,30797,3917,0,0,88,46242,16118,5.3,0.9,4744,0,9.9,3397,164,140,460385,0,78261,163,100,1258,1153,723,88358,89.8,22031,81.1,34442,1,151,2224,5,1168,0.4,0.313855991647907,3337,0,60,0,500,3,0,1,19059,613020,105,1,0.40
0,0,29054,0,0,0,0,0,0,0,0,0,0,0,0,0,0,0,0,0,0,0,0,0,0,0,0,0,0,0,0,0,0,0,0,0,0,0,0,0,0,0,0,0,0,0,0,0,0,0,0,0,0,0,0.00
163,0.594890510948905,17500,15,0.904495477522612,1340,117976,11289,5730,0,9,55.9,20705,33045,21.9,2.8,1151,0,18,4108,305,167,207203,0,52783,151,734,1114,544,1565,64602,59.3,19579,44.8,31384,1,0,4108,0,0,0.9,0,4009,0,87,0,1290,5,140,5,15827,60,42,5,0.35
78,1.5,17337,5,4.19471465952899,1337,117268,11243,5567,0,11,55.9,20564,32953,21.9,2.7,1148,0,17.9,4350,301,166,206234,0,52416,153,730,1251,544,1672,64167,59.3,19389,44.7,74027,1,0,4350,0,0,2.1,0.534861509073543,4257,0,82,0,1215,5,125,5,15658,10470,34,5,0.24
20,1.33333333333333,17259,5,10.3448275862069,1334,116962,11218,5567,0,11,55.8,20507,32947,22,2.7,1145,0,17.9,4369,301,166,205830,0,52281,153,724,1259,568,1665,64016,59.2,19321,44.5,74184,1,0,4369,0,0,2.1,1.92107995846314,4279,0,83,0,1220,5,105,5,15578,9630,34,5,0.40
296,1.67231638418079,17239,15,0.588719191440555,1332,116708,11199,5529,0,11,55.8,20494,32913,22,2.7,1143,0,17.9,4525,299,164,205461,0,52252,152,729,1331,645,1668,63938,59.2,19333,44.5,75580,1,1,4525,0,0,2.2,4.69858156028369,4443,0,75,0,1180,4,105,5,15597,22560,35,1,0.28
229,1.25136612021858,16943,18,0.661746496559909,1324,115824,11088,5534,0,11,56.2,20280,32714,22,2.7,1138,0,17.8,3016,299,164,203935,0,51837,160,729,1201,610,316,63407,59.6,19131,44.8,72418,1,0,3016,0,0,2.1,1.83962264150943,2927,0,82,0,1279,5,105,5,15513,6360,64,1,0.26
30,1.76470588235294,16714,5,7.63187429854097,1311,114542,10994,5592,0,11,56.5,20056,32510,22.1,2.8,1129,0,17.8,2947,317,164,203137,0,51379,149,714,1174,599,311,63030,60,18911,44.9,72030,1,0,2947,0,0,2.1,1.53508771929825,2872,0,75,0,1217,5,0,1,15382,4560,64,1,0.36
99,2.91176470588235,16684,9,2.80700015737186,1311,114521,10993,5592,0,11,56.6,20051,32559,22.1,2.8,1129,0,17.8,2957,317,164,203190,0,51372,149,716,1176,606,310,63013,60.1,18893,44.9,72030,1,0,2957,0,0,2.1,1.72512340867758,2881,0,76,0,1232,5,0,1,15390,76980,64,1,0.32
0,0,16585,0,0,0,0,0,0,0,0,0,0,0,0,0,0,0,0,0,0,0,0,0,0,0,0,0,0,0,0,0,0,0,0,0,0,0,0,0,0,0,0,0,0,0,0,0,0,0,0,0,0,0,0.00
0,0,0,0,0,16370,1503693,137906,61777,0,89,302.8,270503,127414,78,27.7,13775,0,196.4,65090,3052,1339,2204296,0,618608,633,2610,56294,5013,540,829195,306.6,125898,291,441758,10,0,65090,0,0,9.6,15.4791220637519,64147,0,179,0,1869,46,10710,20,209831,2156130,587,50,0.00
0,0,0,0,0,34152,2966956,279209,71755,0,26,311,544544,297070,228,40,29253,0,475.5,56039,3875,2085,4484222,0,1241628,1296,3085,42192,8545,921,400941,315.5,109341,297.1,449507,25,0,56039,0,0,13.3,11.520199905012,53968,0,55,0,550,55,28365,50,410279,8827380,654,110,0.00
0,0,0,0,0,13171,1107301,107348,35737,0,6,0,205264,114715,122,27.4,11237,0,244.6,18699,1904,1025,1692044,0,460670,751,2072,10383,4868,625,0,0,0,0,181858,13,0,18699,0,0,6.9,4.35166049902444,17109,0,405,0,3828,41,16710,26,147105,1424070,490,17,0.00
0,0,0,0,0,0,0,0,0,0,0,0,0,0,0,0,0,0,0,0,0,0,0,0,0,0,0,0,0,0,0,0,0,0,0,0,0,0,0,0,0,0,0,0,0,0,0,0,0,0,0,0,0,0,0.00
0,0,2148,0,0,0,0,0,0,0,0,0,0,0,0,0,0,0,0,0,0,0,0,0,0,0,0,0,0,0,0,0,0,0,0,0,0,0,0,0,0,0,0,0,0,0,0,0,0,0,0,0,0,0,0.00
16,5.33333333333333,2148,2,42.96875,1818,94595,9354,0,0,0,389.2,14598,12229,45.8,0,2744,0,21.8,32,0,0,202275,0,56687,0,20,12,0,0,43707,392.8,8384,370.6,277,4,12,32,0,0,0,0.0225479143179256,32,0,0,0,0,4,0,4,6705,106470,16,4,0.56
0,0,2132,0,0,0,0,0,0,0,0,0,0,0,0,0,0,0,0,0,0,0,0,0,0,0,0,0,0,0,0,0,0,0,0,0,0,0,0,0,0,0,0,0,0,0,0,0,0,0,0,0,0,0,0.00
7,7,2132,1,100,1371,71445,7056,0,0,0,291.9,11010,9225,34.2,0,2061,0,16.5,24,0,0,152313,0,42825,0,15,9,0,0,32931,294.6,6306,278.1,207,3,9,24,0,0,0,0,24,0,0,0,0,3,0,3,5058,79020,12,3,1.00
0,0,2125,0,0,0,0,0,0,0,0,0,0,0,0,0,0,0,0,0,0,0,0,0,0,0,0,0,0,0,0,0,0,0,0,0,0,0,0,0,0,0,0,0,0,0,0,0,0,0,0,0,0,0,0.00
0,0,2125,0,0,0,0,0,0,0,0,0,0,0,0,0,0,0,0,0,0,0,0,0,0,0,0,0,0,0,0,0,0,0,0,0,0,0,0,0,0,0,0,0,0,0,0,0,0,0,0,0,0,0,0.00
8,4,2125,1,100,457,23815,2352,0,0,0,97.3,3670,3075,11.4,0,687,0,5.5,8,0,0,50771,0,14275,0,5,3,0,0,10977,98.2,2102,92.7,69,1,3,8,0,0,0,0,8,0,0,0,0,1,0,1,1686,26310,4,1,0.25
64,1.48837209302326,2117,3,8.21713147410359,2270,118606,11724,0,0,0,485.6,18287,15170,56.7,0,3403,0,27.5,58,0,0,233946,0,70927,0,43,15,0,0,54515,490.3,10442,461.3,459,5,15,58,0,0,0,0,58,0,0,0,0,5,0,5,8436,368070,20,5,0.50
12,1.33333333333333,2053,2,48.6111111111111,792,40142,4536,0,0,0,193.4,7112,5460,24,0,1228,0,11.8,24,0,0,54092,0,26446,0,18,6,0,0,20048,195.6,4188,183,194,2,6,24,0,0,0,0,24,0,0,0,0,2,0,2,3418,29910,8,2,0.50
4,4,2041,2,37.5,396,20071,2268,0,0,0,96.7,3556,2730,12,0,614,0,5.9,12,0,0,27046,0,13223,0,9,3,0,0,10024,97.8,2094,91.5,97,1,3,12,0,0,0,0,12,0,0,0,0,1,0,1,1709,14910,4,1,0.50
17,1.54545454545455,2037,2,48.4429065743945,1188,60227,6807,0,0,0,290.1,10666,8181,36,0,1842,0,17.7,36,0,0,81131,0,39653,0,27,9,0,0,30065,293.4,6276,274.5,291,3,9,36,0,0,0,0,36,0,0,0,0,3,0,3,5119,59700,12,3,0.41
0,0,2020,0,0,0,0,0,0,0,0,0,0,0,0,0,0,0,0,0,0,0,0,0,0,0,0,0,0,0,0,0,0,0,0,0,0,0,0,0,0,0,0,0,0,0,0,0,0,0,0,0,0,0,0.00
0,0,2020,0,0,0,0,0,0,0,0,0,0,0,0,0,0,0,0,0,0,0,0,0,0,0,0,0,0,0,0,0,0,0,0,0,0,0,0,0,0,0,0,0,0,0,0,0,0,0,0,0,0,0,0.00
3,3,2020,1,100,396,20138,2266,0,0,0,96.7,3549,2724,11.9,0,614,0,5.9,12,0,0,27100,0,13198,0,9,3,0,0,10004,97.8,2090,91.5,97,1,3,12,0,0,0,0,12,0,0,0,0,1,0,1,1703,18180,4,1,0.66
12,12,2017,1,100,1980,100593,11327,0,0,0,483.5,17736,13612,59.5,0,3070,0,29.5,60,0,0,135397,0,65940,0,45,15,0,0,49962,489,10438,457.5,485,5,15,60,0,0,0,0,60,0,0,0,0,5,0,5,8500,87120,20,5,0.75
0,0,2005,0,0,0,0,0,0,0,0,0,0,0,0,0,0,0,0,0,0,0,0,0,0,0,0,0,0,0,0,0,0,0,0,0,0,0,0,0,0,0,0,0,0,0,0,0,0,0,0,0,0,0,0.00
0,0,2005,0,0,0,0,0,0,0,0,0,0,0,0,0,0,0,0,0,0,0,0,0,0,0,0,0,0,0,0,0,0,0,0,0,0,0,0,0,0,0,0,0,0,0,0,0,0,0,0,0,0,0,0.00
0,0,2005,0,0,0,0,0,0,0,0,0,0,0,0,0,0,0,0,0,0,0,0,0,0,0,0,0,0,0,0,0,0,0,0,0,0,0,0,0,0,0,0,0,0,0,0,0,0,0,0,0,0,0,0.00
0,0,2005,0,0,0,0,0,0,0,0,0,0,0,0,0,0,0,0,0,0,0,0,0,0,0,0,0,0,0,0,0,0,0,0,0,0,0,0,0,0,0,0,0,0,0,0,0,0,0,0,0,0,0,0.00
19,19,2005,2,26.5927977839335,2376,120665,13593,0,0,0,580.2,21278,16329,71.4,0,3684,0,35.4,72,0,0,162434,0,79132,0,54,18,0,0,59953,586.8,12520,549,582,6,18,72,0,0,0,0,72,0,0,0,0,6,0,6,10196,102300,24,6,0.78
0,0,1986,0,0,0,0,0,0,0,0,0,0,0,0,0,0,0,0,0,0,0,0,0,0,0,0,0,0,0,0,0,0,0,0,0,0,0,0,0,0,0,0,0,0,0,0,0,0,0,0,0,0,0,0.00
0,0,1986,0,0,0,0,0,0,0,0,0,0,0,0,0,0,0,0,0,0,0,0,0,0,0,0,0,0,0,0,0,0,0,0,0,0,0,0,0,0,0,0,0,0,0,0,0,0,0,0,0,0,0,0.00
0,0,1986,0,0,0,0,0,0,0,0,0,0,0,0,0,0,0,0,0,0,0,0,0,0,0,0,0,0,0,0,0,0,0,0,0,0,0,0,0,0,0,0,0,0,0,0,0,0,0,0,0,0,0,0.00
0,0,1986,0,0,0,0,0,0,0,0,0,0,0,0,0,0,0,0,0,0,0,0,0,0,0,0,0,0,0,0,0,0,0,0,0,0,0,0,0,0,0,0,0,0,0,0,0,0,0,0,0,0,0,0.00
0,0,1986,0,0,0,0,0,0,0,0,0,0,0,0,0,0,0,0,0,0,0,0,0,0,0,0,0,0,0,0,0,0,0,0,0,0,0,0,0,0,0,0,0,0,0,0,0,0,0,0,0,0,0,0.00
11,11,1986,1,100,1188,60327,6801,0,0,0,290.1,10644,8172,35.7,0,1842,0,17.7,36,0,0,81231,0,39564,0,27,9,0,0,29955,293.4,6258,274.5,291,3,9,36,0,0,0,0,36,0,0,0,0,3,0,3,5098,50850,12,3,0.90
0,0,1975,0,0,0,0,0,0,0,0,0,0,0,0,0,0,0,0,0,0,0,0,0,0,0,0,0,0,0,0,0,0,0,0,0,0,0,0,0,0,0,0,0,0,0,0,0,0,0,0,0,0,0,0.00
0,0,1975,0,0,0,0,0,0,0,0,0,0,0,0,0,0,0,0,0,0,0,0,0,0,0,0,0,0,0,0,0,0,0,0,0,0,0,0,0,0,0,0,0,0,0,0,0,0,0,0,0,0,0,0.00
3,1.5,1975,2,44.4444444444444,396,20104,2267,0,0,0,96.7,3546,2724,11.9,0,614,0,5.9,12,0,0,27072,0,13184,0,9,3,0,0,9989,97.8,2086,91.5,97,1,3,12,0,0,0,0,12,0,0,0,0,1,0,1,1696,18150,4,1,0.33
15,7.5,1972,3,15.2542372881356,1188,60165,6756,0,0,0,290.1,10599,8160,35.7,0,1842,0,17.7,36,0,0,81003,0,39450,0,27,9,0,0,29934,293.4,6270,273.9,291,3,9,36,0,0,0,0,36,0,0,0,0,3,0,3,5094,45360,12,3,0.53
0,0,1957,0,0,0,0,0,0,0,0,0,0,0,0,0,0,0,0,0,0,0,0,0,0,0,0,0,0,0,0,0,0,0,0,0,0,0,0,0,0,0,0,0,0,0,0,0,0,0,0,0,0,0,0.00
0,0,1957,0,0,0,0,0,0,0,0,0,0,0,0,0,0,0,0,0,0,0,0,0,0,0,0,0,0,0,0,0,0,0,0,0,0,0,0,0,0,0,0,0,0,0,0,0,0,0,0,0,0,0,0.00
3,3,1957,1,100,802,40312,4542,0,0,0,193.4,7126,5496,24,0,1240,0,11.8,24,0,0,54366,0,26568,0,18,6,0,0,20202,195.6,4240,183,194,2,6,24,0,0,0,0,24,0,0,0,0,2,0,2,3412,23520,8,2,0.66
18,1.38461538461538,1954,3,22.1052631578947,1199,60142,6785,0,0,0,290.1,10640,8208,36,0,1856,0,17.5,45,0,0,81119,0,39623,0,36,9,0,0,30106,293.4,6314,274.3,468,3,9,45,0,0,0,0,45,0,0,0,0,3,0,3,5150,24960,12,3,0.61
0,0,1936,0,0,0,0,0,0,0,0,0,0,0,0,0,0,0,0,0,0,0,0,0,0,0,0,0,0,0,0,0,0,0,0,0,0,0,0,0,0,0,0,0,0,0,0,0,0,0,0,0,0,0,0.00
7,7,1936,2,24.4897959183673,399,19999,2257,0,0,0,96.7,3539,2730,12,0,618,0,5.8,15,0,0,26974,0,13173,0,12,3,0,0,10006,97.8,2098,91.4,156,1,3,15,0,0,0,0,15,0,0,0,0,1,0,1,1710,6720,4,1,0.71
9,3,1929,1,100,798,39984,4514,0,0,0,193.4,7078,5466,24,0,1236,0,11.6,32,0,0,53930,0,26338,0,26,6,0,0,19986,195.6,4200,182.6,332,2,6,32,0,0,0,0,32,0,0,0,0,2,0,2,3446,7500,8,2,0.66
0,0,1920,0,0,0,0,0,0,0,0,0,0,0,0,0,0,0,0,0,0,0,0,0,0,0,0,0,0,0,0,0,0,0,0,0,0,0,0,0,0,0,0,0,0,0,0,0,0,0,0,0,0,0,0.00
12,1.71428571428571,1920,2,48.6111111111111,399,19947,2248,0,0,0,96.6,3528,2729,12,0,617,0,5.8,16,0,0,26910,0,13138,0,13,3,0,0,9984,97.8,2100,91,166,1,3,16,0,0,0,0,16,0,0,0,0,1,0,1,1717,19290,4,1,0.41
22,11,1908,2,29.7520661157025,2793,139643,15736,0,0,0,675.5,24717,19040,84,0,4319,0,40.6,259,0,0,188405,0,91987,0,196,28,35,0,69951,683.9,14742,635.6,1792,7,21,252,7,0,0,0,259,0,0,0,0,7,0,7,12061,178290,28,7,0.68
0,0,1886,0,0,0,0,0,0,0,0,0,0,0,0,0,0,0,0,0,0,0,0,0,0,0,0,0,0,0,0,0,0,0,0,0,0,0,0,0,0,0,0,0,0,0,0,0,0,0,0,0,0,0,0.00
0,0,1886,0,0,0,0,0,0,0,0,0,0,0,0,0,0,0,0,0,0,0,0,0,0,0,0,0,0,0,0,0,0,0,0,0,0,0,0,0,0,0,0,0,0,0,0,0,0,0,0,0,0,0,0.00
0,0,1886,0,0,0,0,0,0,0,0,0,0,0,0,0,0,0,0,0,0,0,0,0,0,0,0,0,0,0,0,0,0,0,0,0,0,0,0,0,0,0,0,0,0,0,0,0,0,0,0,0,0,0,0.00
0,0,1886,0,0,0,0,0,0,0,0,0,0,0,0,0,0,0,0,0,0,0,0,0,0,0,0,0,0,0,0,0,0,0,0,0,0,0,0,0,0,0,0,0,0,0,0,0,0,0,0,0,0,0,0.00
0,0,1886,0,0,0,0,0,0,0,0,0,0,0,0,0,0,0,0,0,0,0,0,0,0,0,0,0,0,0,0,0,0,0,0,0,0,0,0,0,0,0,0,0,0,0,0,0,0,0,0,0,0,0,0.00
0,0,1886,0,0,0,0,0,0,0,0,0,0,0,0,0,0,0,0,0,0,0,0,0,0,0,0,0,0,0,0,0,0,0,0,0,0,0,0,0,0,0,0,0,0,0,0,0,0,0,0,0,0,0,0.00
32,1.77777777777778,1886,2,49.8046875,1995,99710,11235,0,0,0,482.8,17645,13570,60,0,3085,0,29,182,0,0,134508,0,65665,0,140,17,25,0,49650,488.8,10530,454,1220,5,15,182,0,0,0,0,182,0,0,0,0,5,0,5,8610,176880,20,5,0.65
0,0,1854,0,0,0,0,0,0,0,0,0,0,0,0,0,0,0,0,0,0,0,0,0,0,0,0,0,0,0,0,0,0,0,0,0,0,0,0,0,0,0,0,0,0,0,0,0,0,0,0,0,0,0,0.00
11,1.83333333333333,1854,4,13.7592137592138,399,19589,2220,0,0,0,96.6,3488,2700,12.1,0,616,0,5.8,36,0,0,26498,0,13004,0,28,3,5,0,9800,97.8,2082,91,236,1,3,36,0,0,0,0,36,0,0,0,0,1,0,1,1702,29850,4,1,0.63
10,0.833333333333333,1843,2,48,804,39143,4447,0,0,0,193.4,6964,5401,24.2,0,1242,0,11.4,72,0,0,53006,0,26083,0,56,6,10,0,19683,195.8,4166,182,472,2,6,72,0,0,0,0,72,0,0,0,0,2,0,2,3371,78150,8,2,0.60
4,4,1833,1,100,402,19568,2223,0,0,0,96.7,3481,2700,12.1,0,621,0,5.7,36,0,0,26498,0,13042,0,28,3,5,0,9843,97.9,2084,91,236,1,3,36,0,0,0,0,36,0,0,0,0,1,0,1,1687,48900,4,1,0.50
9,9,1829,2,44.4444444444444,402,19568,2223,0,0,0,96.7,3481,2700,12.1,0,621,0,5.7,36,0,0,26498,0,13042,0,28,3,5,0,9843,97.9,2084,91,236,1,3,36,0,0,0,0,36,0,0,0,0,1,0,1,1687,48900,4,1,0.55
3,1.5,1820,1,100,398,19491,2218,0,0,0,96.6,3474,2683,12.1,0,615,0,5.8,36,0,0,26377,0,12985,0,28,3,5,0,9799,97.8,2080,91,236,1,3,36,0,0,0,0,36,0,0,0,0,1,0,1,1686,46590,4,1,0.33
67,1.97058823529412,1817,4,3.77062058130401,1087,56159,6385,0,0,0,289.3,10063,7409,35.1,0,1750,0,17.5,114,0,0,75322,0,36763,0,90,9,15,0,27719,293.2,6123,271.8,747,3,9,114,0,0,0,0.0110220563219151,114,0,0,0,0,3,0,3,4909,400860,12,3,0.58
6,2,1750,2,44.4444444444444,360,18559,2104,0,0,0,96.4,3322,2409,11.5,0,582,0,5.8,38,0,0,24840,0,12104,0,30,3,5,0,9116,97.7,2022,90.5,249,1,3,38,0,0,0,0.0246293286045022,38,0,0,0,0,1,0,1,1620,203010,4,1,0.16
11,5.5,1744,2,46.2809917355372,360,18508,2098,0,0,0,96.3,3314,2393,11.4,0,582,0,5.8,38,0,0,24766,0,12074,0,30,3,5,0,9128,97.6,2020,90.4,249,1,3,38,0,0,0,0.0253408342202625,38,0,0,0,0,1,0,1,1617,197310,4,1,0.72
14,7,1733,2,48.9795918367347,1080,55472,6290,0,0,0,288.9,9935,7143,34.2,0,1746,0,17.4,114,0,0,74245,0,36239,0,90,9,15,0,27416,292.8,6055,271.2,744,3,9,114,0,0,0,0.0765290266558133,114,0,0,0,0,3,0,3,4848,576240,12,3,0.57
0,0,1719,0,0,0,0,0,0,0,0,0,0,0,0,0,0,0,0,0,0,0,0,0,0,0,0,0,0,0,0,0,0,0,0,0,0,0,0,0,0,0,0,0,0,0,0,0,0,0,0,0,0,0,0.00
0,0,1719,0,0,0,0,0,0,0,0,0,0,0,0,0,0,0,0,0,0,0,0,0,0,0,0,0,0,0,0,0,0,0,0,0,0,0,0,0,0,0,0,0,0,0,0,0,0,0,0,0,0,0,0.00
16,2,1719,3,14.4230769230769,646,35835,4243,0,0,0,192.5,6668,4175,20.8,0,774,0,17.8,39,0,0,46623,0,23134,0,31,3,5,0,17775,195.2,4014,180.8,253,2,6,39,0,0,0,0.0485036119711042,39,0,0,0,0,2,0,2,3230,166440,8,2,0.31
5,0.833333333333333,1703,2,48,315,17459,2097,0,0,0,96.2,3289,2003,10.3,0,368,0,9.2,1,0,0,22685,0,11328,0,1,0,0,0,8711,97.5,1981,90.3,7,1,3,1,0,0,0,0,1,0,0,0,0,1,0,1,1603,61770,4,1,0.80
16,4,1698,2,30.46875,1258,69469,8380,0,0,0,384.4,13121,7874,40.7,0,1405,0,38.6,7,0,0,90052,0,45010,0,7,0,0,0,34678,389.6,7912,360.9,46,4,12,7,0,0,0,0.0340974280446829,7,0,0,0,0,4,0,4,6396,195420,16,4,0.56
0,0,1682,0,0,0,0,0,0,0,0,0,0,0,0,0,0,0,0,0,0,0,0,0,0,0,0,0,0,0,0,0,0,0,0,0,0,0,0,0,0,0,0,0,0,0,0,0,0,0,0,0,0,0,0.00
0,0,1682,0,0,0,0,0,0,0,0,0,0,0,0,0,0,0,0,0,0,0,0,0,0,0,0,0,0,0,0,0,0,0,0,0,0,0,0,0,0,0,0,0,0,0,0,0,0,0,0,0,0,0,0.00
0,0,1682,0,0,0,0,0,0,0,0,0,0,0,0,0,0,0,0,0,0,0,0,0,0,0,0,0,0,0,0,0,0,0,0,0,0,0,0,0,0,0,0,0,0,0,0,0,0,0,0,0,0,0,0.00
11,5.5,1682,2,39.6694214876033,313,17184,2090,0,0,0,96.1,3273,1936,10.1,0,346,0,9.8,1,0,0,22266,0,11180,0,1,0,0,0,8628,97.4,1975,90.2,7,1,3,1,0,0,0,0,1,0,0,0,0,1,0,1,1596,37530,4,1,0.63
11,11,1671,1,100,939,51556,6270,0,0,0,288.3,9819,5808,30.3,0,1038,0,29.4,3,0,0,66802,0,33539,0,3,0,0,0,25883,292.2,5925,270.6,21,3,9,3,0,0,0,0,3,0,0,0,0,3,0,3,4788,127950,12,3,0.72
0,0,1660,0,0,0,0,0,0,0,0,0,0,0,0,0,0,0,0,0,0,0,0,0,0,0,0,0,0,0,0,0,0,0,0,0,0,0,0,0,0,0,0,0,0,0,0,0,0,0,0,0,0,0,0.00
0,0,1660,0,0,0,0,0,0,0,0,0,0,0,0,0,0,0,0,0,0,0,0,0,0,0,0,0,0,0,0,0,0,0,0,0,0,0,0,0,0,0,0,0,0,0,0,0,0,0,0,0,0,0,0.00
1,1,1660,1,100,313,17173,2088,0,0,0,96.1,3271,1936,10.1,0,346,0,9.8,1,0,0,22256,0,11174,0,1,0,0,0,8626,97.4,1975,90.2,7,1,3,1,0,0,0,0,1,0,0,0,0,1,0,1,1596,42060,4,1,1.00
24,4,1659,4,10.4166666666667,313,16813,2051,0,0,0,96.1,3231,1916,10.2,0,337,0,9.9,1,0,0,21804,0,11070,0,1,0,0,0,8597,97.4,1962,90.3,7,1,3,1,0,0,0,0,1,0,0,0,0,1,0,1,1597,29730,4,1,0.50
25,2.5,1635,4,11.2941176470588,1878,99978,12276,0,0,0,576.6,19344,11418,61.2,0,2022,0,59.4,6,0,0,129804,0,66198,0,6,0,0,0,51396,584.4,11760,541.8,42,6,18,6,0,0,0,0,6,0,0,0,0,6,0,6,9576,288960,24,6,0.76
0,0,1610,0,0,0,0,0,0,0,0,0,0,0,0,0,0,0,0,0,0,0,0,0,0,0,0,0,0,0,0,0,0,0,0,0,0,0,0,0,0,0,0,0,0,0,0,0,0,0,0,0,0,0,0.00
0,0,1610,0,0,0,0,0,0,0,0,0,0,0,0,0,0,0,0,0,0,0,0,0,0,0,0,0,0,0,0,0,0,0,0,0,0,0,0,0,0,0,0,0,0,0,0,0,0,0,0,0,0,0,0.00
0,0,1610,0,0,0,0,0,0,0,0,0,0,0,0,0,0,0,0,0,0,0,0,0,0,0,0,0,0,0,0,0,0,0,0,0,0,0,0,0,0,0,0,0,0,0,0,0,0,0,0,0,0,0,0.00
0,0,1610,0,0,0,0,0,0,0,0,0,0,0,0,0,0,0,0,0,0,0,0,0,0,0,0,0,0,0,0,0,0,0,0,0,0,0,0,0,0,0,0,0,0,0,0,0,0,0,0,0,0,0,0.00
8,2,1610,2,37.5,313,16663,2046,0,0,0,96.1,3224,1903,10.2,0,337,0,9.9,1,0,0,21634,0,11033,0,1,0,0,0,8566,97.4,1960,90.3,7,1,3,1,0,0,0,0,1,0,0,0,0,1,0,1,1596,53700,4,1,0.25
22,1.57142857142857,1602,3,27.2727272727273,622,32837,4066,0,0,0,192,6402,3771,20.6,0,674,0,19.7,2,0,0,42712,0,21880,0,2,0,0,0,17005,194.8,3910,180.5,14,2,6,2,0,0,0,0,2,0,0,0,0,2,0,2,3161,162480,8,2,0.50
4,4,1580,1,100,309,16315,2025,0,0,0,96,3187,1875,10.3,0,337,0,9.8,1,0,0,21231,0,10887,0,1,0,0,0,8459,97.4,1950,90.2,7,1,3,1,0,0,0,0,1,0,0,0,0,1,0,1,1573,81990,4,1,0.50
5,5,1576,2,32,309,16315,2025,0,0,0,96,3187,1875,10.3,0,337,0,9.8,1,0,0,21231,0,10887,0,1,0,0,0,8459,97.4,1950,90.2,7,1,3,1,0,0,0,0,1,0,0,0,0,1,0,1,1573,81990,4,1,0.60
2,2,1571,1,100,309,16315,2025,0,0,0,96,3187,1875,10.3,0,337,0,9.8,1,0,0,21231,0,10887,0,1,0,0,0,8459,97.4,1950,90.2,7,1,3,1,0,0,0,0,1,0,0,0,0,1,0,1,1573,81990,4,1,0.50
0,0,1569,0,0,0,0,0,0,0,0,0,0,0,0,0,0,0,0,0,0,0,0,0,0,0,0,0,0,0,0,0,0,0,0,0,0,0,0,0,0,0,0,0,0,0,0,0,0,0,0,0,0,0,0.00
